HTTPS,IPAddress_URL,URL_Shortener,Suspicious_Word,Many_Subdomains,Popup,External_Redirect,Result
1,0,0,0,0,0,0,0
0,0,0,0,1,0,0,0
1,0,0,0,0,1,0,0
1,0,0,0,0,0,0,0
1,0,0,0,1,0,0,0
1,0,1,1,0,1,1,1
0,1,0,0,1,0,1,1
1,1,0,0,1,0,0,1
1,0,0,0,1,1,1,1
0,0,1,0,1,1,1,1
1,0,0,0,0,0,0,0
1,0,0,0,0,0,0,0
0,1,1,1,0,0,0,1
0,0,1,1,1,1,0,1
0,1,1,1,1,1,0,1
1,0,0,0,0,0,0,0
1,0,0,0,1,0,1,1
1,0,0,0,0,0,0,0
1,0,0,0,0,0,0,0
0,1,1,1,1,0,0,1
1,0,0,0,0,1,0,0
1,0,0,0,0,0,0,0
1,0,0,0,0,0,0,0
1,1,1,0,1,0,0,1
1,0,0,1,0,0,0,0
0,0,0,0,1,0,0,1
0,1,1,0,1,0,1,1
1,0,1,0,0,0,0,0
0,1,0,1,1,0,1,1
1,0,1,1,1,0,1,1
0,1,0,1,0,0,1,1
1,0,0,0,0,0,0,0
0,1,0,1,0,1,0,1
1,0,0,0,0,0,0,0
1,0,0,0,0,0,0,0
0,1,1,1,1,1,1,1
1,0,0,0,0,0,0,0
0,0,0,1,1,0,0,1
1,0,0,1,0,0,0,0
1,0,0,1,0,1,0,1
1,1,0,0,1,0,1,1
1,0,0,1,1,1,0,1
0,1,0,1,1,1,0,1
1,0,0,0,0,0,0,0
1,0,0,0,0,0,0,0
1,1,0,1,1,1,1,1
0,1,1,1,0,1,0,1
1,1,1,0,1,1,0,1
1,0,1,0,0,0,1,1
0,0,0,0,0,0,0,0
1,1,1,1,0,0,0,1
0,1,1,1,1,0,0,1
1,1,1,1,0,0,0,1
1,0,0,0,0,0,0,0
0,1,1,0,1,0,1,1
1,1,0,1,1,0,1,1
1,0,0,0,0,0,0,0
1,0,1,1,0,0,0,0
1,0,0,1,1,0,0,1
1,1,1,1,0,0,0,1
0,0,0,0,0,0,0,0
0,0,1,1,1,1,0,1
1,0,1,1,1,1,1,1
0,0,0,0,0,0,0,0
1,0,0,0,0,0,0,0
0,1,0,0,0,0,1,1
1,0,0,0,0,1,0,0
1,0,0,0,0,0,0,0
1,1,0,1,1,0,0,1
1,0,0,1,0,0,0,0
1,0,0,0,0,0,0,0
1,0,0,0,0,0,0,0
1,0,0,0,0,0,0,0
0,1,0,1,1,1,1,1
1,0,0,0,1,1,1,1
1,1,0,0,0,0,0,0
1,0,0,0,1,0,0,0
0,0,1,1,1,1,0,1
1,0,0,0,0,0,0,0
1,0,1,0,0,0,1,0
0,0,1,1,0,1,1,1
0,0,0,0,0,0,0,0
1,0,0,0,0,0,0,0
1,0,0,0,0,0,0,0
1,0,0,0,1,0,0,0
0,1,1,1,1,0,0,1
0,0,0,0,1,0,0,0
1,0,0,0,0,0,0,0
1,0,0,0,0,0,0,0
1,0,0,0,0,0,0,0
1,0,0,0,1,1,0,0
1,0,0,1,0,1,1,1
1,0,0,0,1,0,0,0
0,0,0,0,0,0,0,0
1,0,1,0,0,0,0,0
1,0,1,1,1,1,0,1
1,0,0,0,0,0,0,1
1,0,0,0,0,1,0,0
1,0,0,0,0,1,1,1
1,1,1,1,1,0,0,1
1,1,0,1,1,1,1,1
0,1,0,0,0,1,1,1
0,0,1,1,1,1,1,1
1,1,0,1,1,1,0,1
0,0,1,1,1,1,0,1
1,0,0,0,1,0,0,0
1,0,0,0,1,1,0,1
0,0,0,0,0,0,0,0
1,0,0,0,0,0,0,0
1,0,1,0,1,0,1,0
1,1,0,1,0,0,0,1
0,0,1,0,0,0,1,1
1,0,0,0,0,0,0,0
0,0,0,0,1,0,0,1
1,0,0,0,0,0,0,0
0,0,0,0,1,0,1,1
1,0,0,0,0,0,0,0
1,0,0,0,0,1,0,0
1,1,1,1,1,0,1,1
1,0,1,0,1,0,0,0
1,0,0,0,1,1,0,0
0,1,1,1,0,0,1,1
1,0,0,0,1,0,0,0
0,0,0,0,0,0,0,0
1,0,0,1,0,1,1,1
1,0,0,0,0,1,0,0
1,0,1,0,0,0,0,0
1,0,0,1,1,1,0,1
0,1,1,1,0,0,1,1
1,0,0,0,0,0,0,0
0,0,0,0,1,0,0,0
0,1,0,1,1,1,1,1
0,0,0,0,1,1,1,1
1,0,0,0,0,0,0,0
1,0,1,0,0,1,0,1
0,1,0,0,0,0,0,1
1,0,0,0,0,0,0,0
1,0,0,0,0,0,0,0
0,0,0,1,0,0,1,1
1,0,0,0,1,1,1,1
1,0,0,0,0,0,0,0
1,1,1,1,1,1,0,1
0,1,0,1,0,1,0,1
1,0,1,0,0,0,1,0
1,1,1,1,1,0,0,1
1,1,1,1,0,0,1,1
0,1,0,1,1,1,0,1
1,0,0,0,0,0,0,0
0,0,0,0,1,1,0,0
1,0,0,0,1,1,0,0
1,0,0,0,0,0,0,0
0,1,0,0,1,0,0,1
1,0,0,0,0,0,0,0
1,0,1,0,0,0,0,0
1,1,0,0,1,0,0,1
1,0,1,0,1,0,1,0
1,1,0,0,0,0,0,0
1,0,0,0,0,0,0,0
1,0,0,0,0,0,0,0
1,0,0,0,0,0,0,0
0,1,1,1,0,0,0,1
1,0,0,0,0,0,0,0
1,1,1,1,0,1,1,1
0,1,1,0,1,1,0,1
0,1,1,0,0,1,1,1
0,0,0,1,1,0,0,1
1,0,0,0,0,0,0,0
0,1,0,1,0,0,1,1
0,0,0,1,1,1,1,1
1,0,0,1,0,0,0,0
1,0,0,0,0,0,0,0
1,0,0,0,0,0,0,0
1,0,0,0,0,1,0,0
1,0,0,0,0,1,0,1
0,0,1,1,1,0,1,1
0,1,0,1,0,1,0,1
1,0,0,0,0,1,0,0
1,1,0,0,0,0,0,0
1,0,0,0,0,0,0,0
0,0,0,1,0,0,1,1
1,0,0,0,0,0,1,0
1,0,1,1,0,1,0,1
0,0,0,1,0,1,0,1
1,0,0,1,0,0,0,1
0,1,0,1,1,1,0,1
1,1,1,1,0,0,1,1
0,0,0,1,1,0,1,1
1,0,0,0,0,0,0,0
1,1,0,0,1,0,0,1
0,1,0,1,1,1,1,1
0,1,1,1,1,0,0,1
0,0,0,0,1,0,0,0
1,0,0,0,0,0,0,0
1,0,1,1,0,0,1,1
1,0,0,0,0,0,0,0
1,0,0,0,0,0,0,0
1,0,0,0,0,0,0,0
1,0,1,0,0,0,1,0
1,0,0,0,0,0,0,0
0,1,0,0,0,1,0,1
0,1,1,1,0,0,0,1
1,0,0,0,0,0,0,0
0,1,1,1,0,1,0,1
0,0,0,0,1,0,1,1
1,0,0,0,0,0,0,0
1,0,0,0,0,0,0,0
1,1,0,0,0,0,0,0
0,1,1,1,1,1,1,1
0,0,0,0,0,0,0,0
1,0,0,0,0,0,0,0
1,0,0,0,0,0,0,0
1,0,1,0,0,0,0,0
0,0,1,1,1,1,1,1
1,1,1,1,0,0,1,1
1,0,0,0,0,0,1,0
1,0,0,0,1,0,0,1
1,0,0,0,0,0,0,0
1,0,0,1,1,0,0,0
1,0,0,0,0,0,0,0
1,0,0,0,0,0,0,0
1,0,0,0,0,0,0,0
0,1,1,0,0,1,0,1
1,0,0,0,0,0,0,0
1,0,0,0,1,0,0,1
1,0,0,0,0,0,0,0
0,1,0,1,1,1,0,1
1,0,0,0,0,0,0,0
1,0,0,0,1,0,1,1
1,0,0,0,0,0,0,0
0,0,1,1,0,0,0,1
1,1,0,1,0,1,1,1
0,0,0,1,0,0,0,1
1,0,0,0,0,0,0,0
0,0,0,1,1,0,0,1
1,1,0,1,1,1,1,1
0,1,0,1,1,0,0,1
0,1,0,1,0,1,0,1
0,0,1,1,1,0,0,1
0,1,1,1,1,0,0,1
1,0,0,0,1,0,1,0
1,0,1,0,0,0,0,0
1,0,0,0,0,0,0,0
0,1,1,1,0,0,1,1
1,0,0,0,1,1,0,1
1,0,0,0,0,0,0,0
1,1,0,0,0,1,0,0
1,0,0,0,1,0,0,0
1,0,1,0,0,0,0,0
0,0,1,1,1,1,1,1
1,0,0,0,0,0,0,0
1,0,0,0,0,0,0,0
1,0,0,0,0,0,0,0
1,0,0,0,1,1,0,0
1,0,0,0,0,1,0,0
0,1,1,1,1,0,1,1
1,1,1,1,1,0,1,1
0,1,0,1,1,1,1,1
1,0,0,0,0,0,0,0
1,1,0,1,1,1,0,1
1,0,0,0,0,0,0,0
0,1,1,1,0,1,1,1
1,0,0,1,1,0,0,1
1,0,1,0,0,0,0,0
1,0,0,0,0,0,0,0
0,0,0,1,0,0,0,1
1,0,0,0,0,0,0,0
0,1,1,1,0,0,0,1
0,1,1,1,0,1,1,1
1,0,0,0,0,0,0,0
1,0,0,0,0,1,0,0
1,0,0,0,0,0,0,0
0,1,1,0,0,0,1,1
1,0,0,0,0,0,1,0
1,0,0,0,0,0,0,0
1,0,1,1,1,0,0,0
1,0,0,0,0,0,0,0
1,0,0,0,0,0,0,0
1,0,0,0,0,0,0,0
0,0,0,1,1,0,0,1
1,0,0,1,1,0,0,0
0,1,1,1,0,1,0,1
1,0,0,0,0,1,1,1
1,1,0,0,1,0,1,1
1,0,0,0,0,0,0,0
1,1,1,1,1,1,0,1
1,0,0,1,0,0,0,0
1,0,0,0,0,0,0,0
1,0,0,0,0,0,0,0
0,0,1,1,0,0,1,1
0,1,1,1,1,1,1,1
0,0,0,0,0,1,0,0
1,0,0,0,0,0,0,0
0,0,0,0,0,1,1,1
0,1,0,1,1,1,1,1
1,1,1,1,0,1,0,1
0,1,0,1,1,1,0,1
1,1,1,1,1,0,1,1
1,0,0,0,0,0,1,0
0,0,1,1,0,0,0,1
1,0,1,0,0,0,1,0
1,0,0,0,0,0,0,0
0,1,1,1,1,0,0,1
1,0,0,0,0,0,0,0
1,0,0,0,0,0,0,0
0,0,0,0,1,0,1,1
1,0,0,0,0,0,0,0
0,1,0,0,1,0,1,1
0,0,1,1,1,0,0,1
0,1,0,1,0,1,0,1
1,1,1,1,1,1,0,1
1,0,0,0,0,0,0,0
0,1,1,1,1,0,0,1
1,0,0,0,0,0,0,0
1,0,0,0,0,0,0,0
1,0,0,0,0,1,0,0
1,0,1,0,0,0,1,1
1,0,0,0,0,0,0,0
0,1,0,1,0,0,0,1
1,0,0,0,0,0,0,0
0,1,1,0,1,1,1,1
1,0,0,1,0,0,0,0
1,1,0,1,1,1,1,1
1,1,0,0,1,1,1,1
1,0,0,0,0,0,0,0
1,0,0,1,0,0,0,0
0,1,1,0,1,0,1,1
1,0,0,1,0,0,0,1
1,1,1,1,1,1,1,1
0,0,0,1,0,1,1,1
1,0,0,0,0,0,0,0
1,0,0,0,0,0,0,0
0,1,0,1,0,1,1,1
1,0,0,0,0,0,0,0
0,1,1,1,1,0,0,1
0,0,0,1,0,1,0,1
1,0,0,0,0,0,0,0
1,0,0,0,0,0,0,0
1,0,0,1,0,0,0,0
1,0,0,1,0,0,0,0
0,0,1,0,1,0,1,1
1,0,1,1,1,0,1,1
1,1,1,0,0,0,1,1
1,0,0,0,0,0,0,0
1,0,0,1,1,1,1,1
0,1,0,1,1,0,1,1
1,0,0,0,0,0,0,0
0,0,0,1,0,1,1,1
1,1,0,0,0,0,0,0
0,1,1,1,0,1,0,1
1,0,0,0,0,0,0,0
1,0,0,1,0,1,1,1
1,0,0,0,0,0,0,0
1,0,0,1,0,0,0,0
1,1,0,0,0,0,0,0
0,1,0,1,0,1,0,1
0,1,1,1,1,1,1,1
1,1,0,1,0,0,0,1
1,0,0,0,0,0,0,0
1,0,0,0,0,1,0,0
1,0,0,0,0,0,0,0
0,1,0,1,1,1,1,1
1,0,0,0,0,0,0,0
1,0,0,0,0,0,0,0
1,0,0,1,1,0,0,1
1,1,1,1,1,0,0,1
1,0,0,0,0,0,0,0
1,0,0,0,0,0,0,0
0,0,1,1,1,1,1,1
1,0,0,0,0,0,0,0
1,0,0,0,0,0,0,0
1,0,0,0,0,1,0,1
0,0,1,1,1,0,0,1
1,0,1,1,0,0,0,1
1,0,0,1,0,0,0,0
0,1,1,1,1,0,1,1
1,0,0,1,0,0,0,0
1,0,0,0,0,0,0,0
1,1,1,0,0,1,1,1
1,0,0,1,0,1,0,1
0,1,1,1,1,0,0,1
0,1,1,1,1,1,0,1
1,0,0,0,0,0,0,0
1,0,0,0,0,0,1,0
0,1,0,1,1,1,0,1
1,0,0,1,1,0,0,0
1,0,0,0,0,0,0,0
0,1,0,1,0,1,1,1
1,0,0,0,0,0,0,0
1,1,1,1,0,0,0,1
1,0,0,0,0,0,0,0
1,0,0,0,0,0,0,0
0,1,1,1,0,0,1,1
1,0,0,0,0,0,0,0
1,0,0,1,1,1,1,1
1,1,0,0,1,1,0,1
0,1,1,0,0,1,0,1
1,0,0,0,0,0,0,0
0,0,1,1,1,1,1,1
1,0,0,0,0,0,0,0
1,0,0,0,0,0,0,0
0,0,1,1,1,1,1,1
0,0,1,1,1,1,1,1
0,1,0,1,1,1,1,1
1,0,0,0,0,0,1,0
1,0,1,0,0,0,0,0
1,1,1,1,0,1,1,1
1,0,0,0,0,0,0,0
1,0,0,0,1,0,0,0
1,1,1,1,1,0,0,1
1,0,0,0,1,0,0,0
1,0,0,0,0,0,0,0
1,0,0,0,0,0,0,0
1,0,0,0,0,0,0,0
0,1,0,0,0,1,1,1
1,0,0,0,1,0,0,0
1,0,1,1,0,1,1,1
1,0,0,0,0,0,0,0
1,1,1,1,1,1,1,1
1,0,0,0,0,0,0,0
1,0,1,0,0,0,0,0
1,0,0,0,0,0,1,0
0,0,0,1,0,0,0,1
1,0,0,0,0,0,1,0
0,0,1,1,0,1,0,1
0,1,1,1,0,0,1,1
0,0,0,0,0,1,0,0
1,0,0,0,1,1,0,0
1,0,0,0,0,0,0,0
1,1,1,1,0,0,0,1
1,0,0,0,0,0,0,0
1,0,0,0,0,0,0,0
0,0,0,0,0,0,1,1
0,1,0,0,1,1,1,1
1,0,0,0,0,1,0,0
0,1,0,0,0,1,1,1
1,0,1,1,1,0,1,1
0,1,1,1,1,1,1,1
1,0,0,0,0,0,0,0
0,1,1,1,0,1,0,1
1,1,0,1,1,1,0,1
1,0,0,0,0,0,0,0
1,0,1,0,0,0,0,0
0,1,1,0,0,0,1,1
0,0,0,1,1,0,1,1
0,0,1,1,1,1,1,1
1,0,0,0,0,0,0,0
1,0,0,0,0,0,0,0
1,1,0,1,0,1,1,1
1,0,0,0,0,0,0,0
1,0,0,0,0,1,0,0
1,0,0,1,1,0,0,1
0,0,1,1,1,0,0,1
1,0,0,0,0,0,0,0
0,1,1,0,0,0,0,1
1,0,0,1,0,0,0,0
0,0,1,0,0,0,0,1
0,1,0,1,1,0,0,1
1,0,0,0,0,0,0,0
0,1,1,1,0,1,0,1
1,0,1,0,0,1,0,0
0,1,1,1,1,0,1,1
0,1,0,1,0,0,1,1
1,0,1,0,0,0,0,0
1,0,1,1,0,1,0,0
0,0,1,0,1,1,1,1
1,0,0,0,0,0,0,0
0,1,0,1,1,0,1,1
1,1,1,1,0,1,0,1
0,0,0,1,0,1,0,1
1,0,0,1,0,0,0,0
0,0,1,1,0,1,1,1
1,0,0,0,0,0,0,0
1,1,0,1,0,0,1,1
0,1,0,0,0,0,0,0
1,0,0,0,0,0,0,0
1,0,0,0,1,0,0,0
1,0,0,0,0,0,0,0
1,0,0,0,0,0,0,0
0,0,0,1,0,1,0,1
0,1,0,1,0,1,0,1
1,0,0,0,0,0,0,0
1,0,0,0,0,1,0,0
1,1,0,0,0,0,0,1
1,1,0,0,0,1,0,1
0,1,0,1,1,0,0,1
1,0,0,0,0,0,0,0
0,1,1,1,0,1,1,1
1,0,0,0,0,0,0,0
1,0,0,1,0,0,1,1
1,0,0,1,0,0,0,0
1,0,0,1,0,0,0,0
0,0,0,0,0,0,0,0
0,0,1,0,1,0,1,1
0,1,1,1,1,1,1,1
1,1,1,1,0,0,1,1
1,0,1,1,1,0,0,1
0,0,1,1,0,0,1,1
1,0,0,0,0,0,0,0
1,0,0,0,0,0,1,0
0,0,0,1,1,0,0,1
1,0,0,0,0,0,0,0
0,1,0,1,0,1,1,1
1,0,0,0,0,0,0,0
1,0,0,0,0,0,0,0
1,0,0,0,0,0,0,0
0,1,1,0,1,1,1,1
1,0,0,0,0,0,0,0
1,1,0,1,1,0,0,1
1,0,1,0,0,0,0,0
1,0,0,0,0,0,0,0
1,0,0,0,1,0,0,0
0,1,0,0,1,1,0,1
1,0,0,0,0,0,0,0
0,1,1,0,0,1,0,1
0,1,0,1,0,1,0,1
0,1,0,1,0,0,0,1
0,1,1,1,0,0,1,1
1,0,0,0,0,0,0,0
1,1,0,1,1,0,1,1
1,0,0,0,0,1,0,0
1,0,0,0,0,1,0,0
0,0,1,0,1,1,1,1
1,0,1,0,0,0,1,0
1,0,0,0,0,0,1,0
1,0,0,1,1,0,0,1
1,0,0,0,0,0,0,0
1,1,1,0,1,0,0,1
1,0,0,0,0,1,0,0
1,0,0,0,0,1,0,0
1,0,0,0,0,0,0,0
1,1,0,0,1,1,0,0
1,0,0,0,0,0,0,0
1,0,0,0,0,0,0,0
0,1,1,0,0,1,1,1
1,0,0,0,0,0,0,0
0,1,1,1,0,1,1,1
1,0,0,0,0,0,0,0
1,0,0,0,0,1,0,0
1,0,0,0,0,0,0,0
1,0,0,0,1,1,1,0
0,1,0,0,0,0,1,1
1,0,0,1,0,0,0,0
1,0,0,0,0,0,0,0
1,0,0,0,0,0,0,0
0,0,1,0,0,1,0,1
0,0,0,0,1,1,1,1
1,0,0,0,0,0,0,0
1,0,0,0,0,1,1,0
1,0,0,0,0,0,0,0
1,0,1,0,1,0,1,1
0,0,1,1,1,0,1,1
1,0,0,0,0,0,0,0
1,1,0,1,1,1,1,1
1,0,0,0,0,1,0,0
1,0,0,0,0,0,0,0
1,0,1,1,1,1,0,1
0,1,0,1,1,0,1,1
1,1,0,1,0,1,0,1
1,1,0,1,1,1,0,1
0,0,1,0,1,1,1,1
1,0,0,0,0,0,0,0
0,1,0,1,0,0,0,1
0,1,0,1,1,0,0,1
0,0,0,1,1,0,1,1
1,0,0,0,0,0,0,0
1,0,0,0,0,1,1,0
1,0,0,1,0,1,1,1
0,1,1,0,1,0,0,1
1,0,0,1,0,0,0,0
1,0,1,0,1,1,0,1
0,0,1,1,0,1,1,1
0,1,1,1,0,1,1,1
1,0,0,0,0,0,0,0
1,1,0,1,1,0,1,1
1,0,0,0,0,1,0,0
0,0,1,0,0,1,1,1
0,0,1,1,0,0,1,1
0,0,0,0,0,0,0,0
1,0,0,0,0,0,0,0
1,0,1,0,1,0,1,1
1,0,0,0,0,0,0,0
0,0,0,1,1,1,0,1
1,1,1,1,1,0,1,1
0,0,1,1,1,0,1,1
1,0,0,0,0,0,0,0
1,0,0,0,0,0,0,0
0,0,0,1,1,1,0,1
1,1,0,0,0,0,1,0
0,1,1,1,0,0,1,1
0,1,0,1,0,0,0,1
0,1,1,1,0,1,1,1
1,0,1,0,1,1,1,1
1,0,0,0,0,0,0,0
1,0,0,1,0,0,0,0
1,0,1,1,0,0,0,1
0,0,1,1,1,0,0,1
0,0,1,1,1,1,0,1
0,0,1,1,0,0,0,1
1,0,0,0,0,0,0,0
1,1,1,1,0,0,1,1
1,1,0,0,0,1,1,1
0,1,0,0,0,0,0,1
0,0,0,0,1,0,1,1
1,0,0,0,0,0,0,0
1,0,0,0,1,0,0,0
1,1,1,1,1,1,1,1
1,0,0,0,0,1,0,0
0,0,0,1,0,1,0,1
1,0,0,0,0,1,0,0
1,0,0,0,1,0,0,0
1,0,0,0,0,0,0,0
1,0,0,0,0,0,0,0
0,0,1,0,1,0,1,1
1,0,0,0,1,0,1,0
1,0,1,0,0,0,0,0
0,1,0,1,1,0,1,1
1,0,0,0,0,0,0,0
0,0,0,1,1,1,0,1
1,0,0,1,0,1,1,1
1,0,0,1,0,1,0,1
1,1,1,1,1,1,0,1
0,1,1,0,1,0,1,1
0,0,1,1,1,1,0,1
0,1,1,1,0,1,1,1
1,1,0,0,0,0,0,1
1,0,1,1,0,0,1,1
1,0,0,0,1,0,0,0
1,0,0,0,1,0,0,0
0,1,0,1,0,0,0,1
1,0,0,0,0,0,0,0
0,0,1,0,1,1,0,1
0,0,0,1,1,0,0,1
1,0,0,0,0,0,0,0
1,1,0,1,0,0,1,1
1,0,0,0,1,0,0,0
1,0,0,0,0,0,0,0
0,1,0,1,0,1,0,1
1,0,0,0,0,0,0,0
1,1,1,1,1,0,0,1
0,1,1,1,1,0,0,1
1,1,1,1,1,1,1,1
1,1,0,1,0,1,0,1
1,1,0,0,1,0,1,1
0,1,0,1,1,1,0,1
0,1,1,0,0,0,0,1
1,0,0,0,0,0,1,0
1,0,0,0,0,0,0,0
1,0,0,0,0,0,0,0
0,1,1,1,0,0,0,1
0,0,0,1,1,0,1,1
1,0,0,0,0,0,0,0
1,0,1,0,1,0,1,1
1,0,0,0,1,0,0,0
1,0,0,0,0,0,0,0
0,0,0,0,0,0,0,1
1,0,0,0,0,0,0,0
1,0,0,0,0,0,1,0
1,1,0,0,0,0,0,0
1,0,0,0,1,0,0,0
1,0,0,0,0,0,0,0
1,1,0,1,0,0,0,1
1,0,0,1,0,1,0,0
0,1,0,0,0,1,0,1
1,0,0,1,0,0,0,0
0,1,1,0,0,1,1,1
1,0,0,1,0,1,1,1
0,1,0,1,0,0,0,1
1,0,0,0,1,1,0,1
1,0,0,0,0,0,0,0
0,1,0,0,1,1,1,1
1,0,0,1,0,0,0,0
0,0,0,1,1,0,0,1
0,0,0,1,1,0,1,1
0,1,1,0,0,1,0,1
1,0,1,1,1,1,1,1
0,0,0,1,1,1,0,1
0,0,1,1,0,1,1,1
1,0,0,0,0,0,0,0
1,1,1,1,0,0,1,1
1,0,0,0,0,0,0,0
0,1,0,1,1,0,1,1
0,0,0,0,1,1,0,1
0,1,1,1,0,0,1,1
1,0,0,0,0,0,0,0
1,0,0,0,0,0,1,0
1,0,0,1,0,1,0,1
1,0,0,0,0,0,0,0
0,1,0,1,1,1,1,1
0,0,1,1,1,0,0,1
0,1,1,1,0,1,0,1
1,0,1,0,0,1,0,1
1,1,0,1,0,1,0,1
0,1,1,1,0,1,1,1
1,0,0,0,0,1,0,0
1,0,0,0,0,0,0,0
1,0,0,0,0,1,0,0
1,1,1,1,0,1,0,1
1,0,0,0,0,1,0,0
1,0,0,0,0,0,0,0
1,0,1,1,0,1,0,1
1,0,0,0,0,0,1,0
0,1,1,1,0,1,0,1
1,0,0,0,0,1,1,0
1,1,0,0,1,0,0,1
0,0,1,0,1,0,0,1
1,0,0,0,0,0,0,0
1,0,1,0,0,0,0,0
1,1,1,1,1,0,1,1
1,0,0,0,0,0,0,0
0,1,1,1,0,1,0,1
1,1,1,1,0,0,0,1
1,0,0,0,0,0,1,0
0,1,1,0,1,0,1,1
1,0,0,1,1,1,1,1
1,0,0,0,0,0,1,0
1,0,1,1,1,1,0,1
0,0,1,1,0,1,0,1
0,0,0,0,0,0,0,0
0,1,1,1,1,1,0,1
1,1,1,0,0,0,0,1
1,1,0,1,1,1,0,1
1,0,0,0,1,0,0,0
1,0,0,0,0,0,0,0
1,0,0,0,0,0,0,0
0,0,1,0,1,0,0,1
1,0,1,0,0,0,0,0
1,1,1,0,1,1,0,1
0,0,0,0,0,0,1,1
1,0,0,0,1,0,1,0
1,0,0,0,0,0,0,0
1,0,0,0,1,0,0,0
1,0,1,1,0,0,1,1
1,0,0,0,1,0,0,0
0,0,0,1,0,1,0,1
1,0,0,0,1,0,0,0
1,0,0,0,0,0,0,0
1,0,1,0,0,1,0,1
0,1,0,1,0,0,0,1
1,0,0,1,0,1,0,1
1,0,0,1,0,0,0,0
1,0,0,0,0,0,0,0
1,0,0,0,0,0,0,0
1,0,1,0,0,0,0,0
1,0,0,0,0,0,0,0
1,0,0,0,0,0,0,0
1,0,0,0,0,0,0,0
1,0,0,0,0,0,0,0
0,1,1,1,0,1,1,1
0,1,0,0,0,0,1,1
0,0,1,1,1,1,0,1
1,0,0,1,0,1,0,0
0,0,1,0,1,1,0,1
0,0,0,0,0,0,0,0
0,0,1,1,0,1,0,1
1,0,0,0,0,0,0,0
0,1,0,1,1,1,1,1
1,0,0,0,0,0,0,0
1,0,0,0,0,0,0,0
1,0,1,1,1,0,1,1
1,1,0,0,0,0,0,0
1,0,1,1,0,0,0,0
1,1,1,1,1,0,0,1
0,0,1,1,1,1,1,1
1,0,0,0,0,0,0,0
0,1,0,1,0,1,0,1
0,1,1,1,0,1,0,1
1,0,0,1,0,0,0,0
1,1,1,1,1,0,0,1
0,0,0,0,1,1,1,1
1,0,0,0,1,0,0,0
0,1,1,1,1,0,0,1
0,0,0,0,0,0,0,0
1,0,0,0,0,1,1,1
0,1,0,1,1,1,1,1
1,0,0,0,0,1,0,0
1,0,0,1,0,0,0,0
0,1,0,0,0,0,1,1
0,1,1,1,1,1,0,1
1,0,0,0,0,0,0,0
1,0,0,1,1,1,1,1
1,0,0,0,0,0,0,0
0,1,0,1,0,1,0,1
0,1,0,1,1,0,1,1
1,1,1,1,0,1,1,1
0,0,1,1,1,1,1,1
1,0,0,0,0,0,0,0
1,1,0,0,0,1,0,1
0,1,0,0,0,1,0,1
0,0,0,0,1,1,1,1
1,0,0,0,0,0,0,0
0,1,0,1,1,1,1,1
1,0,0,0,0,0,1,0
1,0,0,0,0,0,1,1
1,0,0,0,0,0,0,0
0,0,0,1,1,0,1,1
1,0,0,0,0,0,0,0
0,1,1,1,0,1,0,1
0,0,1,1,0,1,0,1
0,0,1,1,1,1,1,1
1,0,0,0,1,0,0,0
0,0,1,1,0,0,0,1
1,1,1,1,0,1,1,1
1,0,0,1,0,0,0,0
0,1,0,0,1,1,1,1
0,0,0,1,1,1,1,1
1,0,0,0,0,0,0,0
1,0,1,0,0,0,0,0
1,0,0,0,0,0,0,0
1,0,0,0,0,0,0,0
1,0,0,0,1,0,0,0
1,0,0,0,0,0,0,0
1,1,1,1,0,1,0,1
1,0,0,0,0,0,0,0
0,0,1,0,0,0,0,0
1,0,0,0,0,0,0,0
1,0,0,0,1,0,0,0
1,0,0,0,0,1,0,0
1,0,0,0,1,0,0,0
1,0,0,0,0,0,0,0
0,1,0,1,1,1,0,1
0,1,0,0,0,0,1,1
1,0,0,0,0,0,0,0
1,0,0,0,0,0,0,0
1,0,0,0,0,0,0,0
1,0,0,0,0,0,0,0
1,1,0,1,0,0,0,1
1,0,0,0,0,0,0,0
1,0,0,0,0,1,1,0
0,1,1,0,0,0,0,1
1,0,1,1,0,0,0,0
1,0,0,0,0,0,0,0
1,0,1,0,1,0,0,0
1,0,0,0,0,1,0,0
1,1,1,1,0,1,1,1
0,0,0,1,0,1,1,1
1,0,0,0,0,0,0,0
1,0,1,1,0,0,0,0
1,0,0,0,0,0,0,0
0,0,1,0,0,0,0,1
1,0,1,1,1,0,0,1
1,0,0,0,0,0,0,0
0,0,0,0,0,0,0,0
1,0,0,0,0,0,0,0
1,1,1,0,0,1,0,1
1,1,1,1,1,1,1,1
1,0,0,0,0,0,0,0
1,1,1,1,0,1,0,1
1,1,0,0,1,1,0,1
0,1,1,1,0,1,1,1
1,1,0,1,0,1,0,1
1,0,0,0,0,0,0,0
0,0,1,1,0,1,0,1
0,0,1,1,0,1,0,1
1,0,0,0,0,0,0,0
0,0,0,1,0,0,1,1
1,0,0,0,0,0,0,0
1,0,0,0,0,0,0,0
1,0,0,1,0,0,0,0
1,0,0,0,0,0,0,0
1,0,0,0,0,0,0,0
1,0,0,0,0,0,0,0
1,0,0,0,0,0,0,0
0,1,0,1,1,1,0,1
0,1,1,1,0,0,1,1
0,0,0,1,0,1,1,1
1,0,1,1,1,1,0,1
0,0,0,0,0,1,0,1
1,1,1,1,0,0,0,1
0,0,1,0,0,0,0,1
1,0,0,0,0,0,0,0
0,0,0,1,0,0,1,1
1,0,0,0,1,0,0,0
1,0,0,0,0,0,0,0
0,0,0,1,1,0,0,1
0,1,0,0,0,1,1,1
1,0,1,1,0,0,0,0
1,0,1,0,0,0,0,0
1,0,0,0,0,0,0,0
1,0,0,0,0,0,0,0
0,1,1,1,1,0,1,1
1,0,0,1,0,1,1,1
0,1,0,0,1,0,0,1
1,1,0,0,1,1,0,1
1,0,0,0,1,0,1,0
0,1,1,1,0,0,0,1
1,1,0,1,1,1,0,1
1,0,0,0,1,0,1,0
0,0,0,1,0,1,1,1
1,0,1,0,0,0,0,0
1,0,0,0,0,1,0,0
1,0,0,0,0,0,0,0
1,0,0,1,0,1,0,0
0,1,0,1,0,0,0,1
1,0,0,0,0,0,0,0
1,0,1,0,0,0,0,0
1,0,0,0,0,0,0,0
1,0,0,0,0,0,0,0
0,0,1,0,1,0,0,1
1,0,0,0,0,0,0,0
1,0,1,0,0,1,0,1
1,0,0,0,0,0,0,0
0,1,1,1,1,0,0,1
1,0,0,1,0,0,0,0
0,1,0,1,1,1,0,1
0,0,1,1,0,0,0,1
0,1,1,0,0,1,0,1
1,1,1,1,1,0,0,1
1,0,0,0,0,0,1,0
0,0,0,1,1,1,1,1
0,1,1,0,1,1,1,1
1,0,0,0,0,0,0,0
0,0,0,1,1,1,0,1
0,0,1,0,0,1,1,1
1,0,0,1,0,0,0,0
0,0,0,0,0,1,0,0
0,1,0,1,0,1,1,1
1,0,0,1,0,1,1,1
0,1,1,1,1,0,1,1
1,0,0,0,0,0,0,0
0,1,0,1,1,1,1,1
0,1,1,1,0,0,1,1
1,1,0,1,1,1,0,1
1,0,1,0,0,0,0,0
1,0,0,0,0,0,0,0
0,0,0,0,0,1,0,1
1,0,0,0,0,1,1,0
1,0,0,0,0,1,0,0
0,0,0,0,0,0,0,0
0,1,0,1,0,1,0,1
0,1,1,1,1,1,1,1
1,0,0,0,0,0,0,1
1,0,0,0,0,1,0,0
0,1,1,0,1,0,1,1
1,1,1,0,0,0,1,1
0,1,1,1,1,1,0,1
1,0,0,0,0,0,0,0
1,0,0,0,0,0,0,0
1,0,0,0,0,0,0,0
1,0,0,0,0,0,0,0
0,1,1,1,0,1,1,1
1,0,0,0,0,0,0,0
1,0,0,0,0,0,0,0
0,0,1,0,1,1,0,1
1,0,0,0,0,0,0,0
1,0,0,1,0,0,0,0
1,0,0,0,0,0,0,0
1,0,0,0,0,0,0,0
1,0,1,1,1,0,1,1
1,0,1,1,1,0,1,1
1,1,0,1,0,0,0,1
1,0,0,0,0,0,0,0
1,0,0,0,0,1,0,0
0,1,1,1,1,1,1,1
1,1,0,0,0,0,0,0
0,0,1,1,0,0,0,1
1,0,0,0,0,0,0,0
1,0,0,0,0,0,0,0
0,1,0,1,1,1,0,1
1,0,0,0,0,0,0,0
0,0,1,1,1,1,0,1
1,0,0,0,0,0,0,0
1,0,0,0,0,0,0,0
0,0,0,0,0,0,1,1
1,0,0,0,0,0,0,0
1,0,1,1,0,1,0,1
1,0,0,0,0,0,0,0
0,1,1,1,1,1,0,1
1,1,0,1,0,1,0,1
0,0,0,1,1,0,0,1
1,1,0,1,1,1,1,1
0,1,0,0,1,1,1,1
1,0,0,0,0,1,0,0
0,0,0,1,0,1,0,1
0,0,1,1,1,1,1,1
0,0,1,1,1,0,1,1
0,1,0,1,0,1,1,1
1,0,0,0,0,0,0,0
1,1,0,0,1,0,0,0
1,0,0,0,0,0,0,0
1,0,0,1,0,0,0,0
1,0,0,1,0,0,0,0
0,0,0,1,1,0,0,1
1,0,1,0,0,0,0,0
0,1,0,1,1,1,1,1
0,0,0,1,0,1,1,1
1,0,0,0,0,0,0,0
1,0,1,0,1,1,0,1
1,1,0,1,1,1,1,1
0,1,0,0,1,1,1,1
1,0,1,0,1,1,1,1
1,0,1,0,0,0,1,0
1,0,0,0,1,0,0,0
1,0,0,0,0,0,1,0
1,1,0,0,0,0,0,1
0,1,0,1,0,0,0,1
1,0,0,0,0,1,0,0
1,0,0,0,0,0,0,0
0,0,0,1,1,1,0,1
1,0,0,0,0,0,0,0
1,1,1,1,0,0,1,1
0,1,0,1,1,0,1,1
1,0,0,0,0,0,0,0
1,1,0,1,0,0,1,1
1,0,0,0,0,0,0,0
0,1,0,1,0,1,1,1
1,0,0,0,0,0,0,0
0,0,0,1,1,1,0,1
1,1,0,0,0,1,0,0
1,0,0,0,0,0,0,0
1,0,0,0,0,0,0,0
0,0,0,0,0,1,0,0
1,0,0,0,0,0,0,0
1,1,0,1,0,0,1,1
1,0,0,0,0,0,0,0
1,1,1,1,1,0,0,1
0,1,0,0,1,0,0,1
1,0,0,0,1,0,0,1
0,0,0,1,1,0,1,1
1,0,0,0,0,0,0,0
0,1,0,1,0,1,1,1
0,0,0,1,0,0,1,1
1,0,0,0,0,0,0,0
1,0,0,0,0,0,0,0
1,0,0,0,0,0,0,0
0,1,1,1,1,0,0,1
0,0,1,1,0,0,0,1
1,0,0,0,0,0,0,0
1,0,0,0,0,0,0,0
0,1,1,1,1,1,1,1
0,0,1,1,0,1,1,1
0,0,0,1,0,1,1,1
1,0,0,0,0,0,0,0
1,0,0,0,0,0,0,0
1,1,1,0,1,0,0,1
1,1,1,1,0,1,0,1
1,0,0,0,0,0,0,0
0,0,1,0,0,1,1,1
1,0,1,0,0,0,0,0
0,1,1,1,0,1,1,1
0,1,0,1,1,0,0,1
0,0,0,1,0,1,1,1
1,1,1,1,0,1,1,1
1,1,0,1,0,0,0,1
0,0,1,1,0,0,1,1
1,0,0,0,0,0,0,0
0,1,0,1,1,1,1,1
1,0,0,0,0,0,0,0
0,0,0,1,1,1,1,1
1,0,0,0,0,0,0,0
1,0,0,0,0,0,1,0
1,1,1,1,1,1,0,1
1,0,0,0,0,0,0,0
1,0,0,1,0,0,0,0
0,0,1,0,0,0,1,1
0,1,0,1,0,1,1,1
1,0,0,0,0,0,0,0
1,0,1,0,0,0,0,0
1,1,1,1,1,1,0,1
0,1,1,1,1,0,0,1
1,0,0,0,1,0,1,0
1,0,0,0,0,0,0,0
0,1,0,1,1,0,0,1
0,1,0,1,0,0,1,1
1,0,1,0,1,1,1,1
1,0,0,0,0,0,0,0
0,0,0,0,0,1,0,1
1,0,1,0,0,0,0,0
0,1,0,0,1,0,1,1
0,1,1,1,1,1,1,1
1,0,0,1,0,0,0,0
1,0,0,0,0,1,1,1
0,0,1,0,0,1,0,1
0,1,0,0,0,0,1,1
0,1,0,1,0,0,1,1
0,1,0,0,0,1,0,1
0,0,1,1,1,1,0,1
1,0,1,1,1,1,1,1
1,1,0,1,1,1,1,1
1,0,0,0,0,0,0,0
0,0,0,1,1,1,1,1
1,0,0,0,0,0,0,0
1,0,0,0,0,1,1,0
0,0,1,0,0,0,1,1
0,1,0,1,1,0,1,1
1,0,0,0,0,0,0,0
1,0,0,0,0,0,0,0
1,0,0,0,0,0,0,0
1,0,0,1,0,1,1,1
1,0,0,0,0,0,1,0
0,0,1,0,0,1,0,1
1,0,0,0,0,0,0,0
0,1,1,0,1,0,0,1
1,0,0,1,1,1,1,1
0,0,1,1,1,0,0,1
1,0,0,0,0,0,0,0
1,0,0,0,0,0,0,0
0,0,0,0,0,1,0,1
1,0,0,0,0,0,0,0
1,0,0,0,0,0,0,0
1,0,0,0,0,0,0,0
0,0,0,1,0,0,0,0
1,0,0,0,0,0,0,0
1,1,1,1,1,1,1,1
1,1,0,0,1,0,0,0
1,0,0,0,0,0,1,0
0,1,0,1,0,0,0,1
1,0,0,0,1,0,0,0
1,0,0,0,0,0,0,0
1,0,0,0,0,0,0,0
1,0,0,1,0,1,0,1
0,1,0,1,0,1,0,1
1,0,0,1,0,1,0,1
0,1,1,1,0,0,1,1
1,0,0,0,0,0,0,0
0,0,0,1,0,1,0,1
1,0,0,0,0,0,1,0
1,0,0,0,0,0,0,0
0,0,0,0,0,0,0,0
0,0,0,0,1,1,0,1
1,0,0,0,0,0,0,0
0,0,0,0,0,1,0,0
1,0,0,0,0,0,0,0
1,0,0,0,0,0,0,0
1,0,1,0,1,1,0,1
1,1,0,0,0,0,0,0
1,0,1,0,0,0,0,0
1,0,0,0,0,0,0,0
1,0,0,1,1,1,1,1
1,0,0,0,0,0,0,0
1,0,0,1,0,0,0,0
1,0,1,1,0,1,1,1
1,0,0,0,0,0,0,0
1,0,0,0,0,0,0,0
1,0,0,0,0,0,0,0
1,0,0,0,0,0,0,0
0,1,1,0,0,1,0,1
0,0,1,0,0,1,1,1
0,0,0,0,0,0,0,0
1,1,0,0,1,0,0,1
1,0,0,0,0,0,0,0
1,1,0,0,0,0,0,0
1,0,0,0,0,0,0,0
1,0,0,0,0,0,0,0
1,0,0,0,0,0,0,0
1,0,1,1,1,0,0,1
0,1,1,1,1,1,1,1
1,1,1,0,0,0,0,1
1,0,0,0,0,0,0,0
1,0,1,0,0,0,0,0
1,0,0,0,1,0,0,0
0,0,0,0,0,0,1,0
0,1,1,1,0,0,0,1
1,0,0,0,0,0,0,0
1,0,0,0,0,0,0,0
1,1,1,0,1,0,1,1
0,1,0,1,0,0,0,1
1,1,1,1,1,0,0,1
0,1,0,0,1,0,1,1
0,1,1,0,0,0,0,1
1,0,0,0,0,0,0,0
1,0,0,0,0,0,0,0
1,1,0,1,0,1,0,1
0,0,0,1,1,1,1,1
1,1,0,1,0,1,1,1
1,0,1,0,0,0,0,0
1,1,1,1,0,0,0,1
1,1,1,1,1,1,1,1
1,1,0,0,1,1,0,1
1,0,0,0,0,0,0,0
1,1,1,1,1,1,1,1
0,1,0,1,1,1,1,1
1,0,0,0,0,0,0,0
0,0,0,0,0,0,0,1
1,0,0,0,0,0,0,0
1,0,0,1,0,0,0,0
1,0,0,0,0,0,0,0
0,0,1,0,0,0,1,1
1,0,0,0,0,0,0,0
1,0,0,1,1,1,0,1
0,1,1,1,1,1,0,1
0,1,0,1,0,0,0,1
0,1,1,1,1,1,0,1
1,0,0,0,0,0,0,0
0,0,0,0,0,0,0,1
0,1,1,1,0,0,0,1
1,1,1,0,1,0,0,1
0,1,1,1,1,1,0,1
1,0,1,1,0,0,0,1
1,0,1,0,1,0,0,0
1,1,0,1,1,1,0,1
1,0,0,0,0,0,0,0
0,0,1,1,0,1,1,1
0,1,1,1,1,1,0,1
1,0,0,0,0,0,0,0
0,1,1,0,1,0,0,1
1,0,0,0,0,0,0,0
1,0,1,1,1,1,1,1
1,0,0,0,0,0,0,0
1,0,1,0,0,0,0,0
1,0,0,0,0,0,0,0
1,0,0,0,0,0,0,0
1,0,0,0,1,0,0,0
1,0,0,0,0,0,0,0
1,0,0,0,0,1,0,0
1,0,0,0,0,0,0,0
1,0,0,0,0,0,0,0
0,0,0,0,0,0,0,0
1,0,0,0,0,0,1,0
1,0,0,0,0,1,0,0
1,1,1,1,0,0,1,1
1,0,0,1,0,0,0,0
1,0,0,0,0,0,0,0
0,1,1,0,1,1,1,1
0,1,0,0,0,0,0,1
0,0,0,0,0,0,1,1
1,0,0,0,0,0,0,0
0,0,0,1,0,1,1,1
0,1,0,1,1,1,1,1
0,0,1,0,0,1,0,1
1,0,1,1,0,0,1,1
1,0,0,0,0,0,0,0
0,1,1,1,1,0,0,1
0,0,0,0,1,0,0,1
0,0,0,1,1,0,1,1
0,0,0,0,0,0,0,0
1,0,1,0,0,0,0,0
1,0,1,1,0,0,0,1
0,1,1,0,0,0,1,1
1,1,0,1,0,1,0,1
0,0,1,1,1,1,1,1
1,1,1,0,1,1,1,1
1,0,0,0,0,0,0,0
1,0,0,0,0,0,0,0
1,1,1,0,1,0,0,1
1,1,0,0,1,1,1,1
1,0,0,1,0,1,1,1
0,1,1,1,0,1,1,1
1,0,1,0,0,0,0,0
1,0,0,0,0,0,0,0
0,0,1,1,0,1,1,1
0,1,1,1,0,1,1,1
1,0,0,0,0,0,0,0
1,0,0,0,0,0,0,0
1,0,0,0,0,0,0,0
0,1,1,1,0,1,1,1
0,1,0,0,1,0,1,1
0,1,1,1,1,0,0,1
1,0,0,0,0,0,0,0
1,0,0,0,0,0,0,0
0,0,0,1,1,1,1,1
0,1,0,1,0,1,1,1
0,1,0,0,1,0,0,1
0,1,0,1,0,1,1,1
1,0,0,1,0,0,0,0
0,0,1,0,0,1,1,1
1,0,0,0,0,0,0,0
0,1,1,1,0,1,0,1
1,0,0,1,0,0,1,1
1,0,0,0,0,1,0,0
1,0,0,0,0,0,0,0
0,0,1,1,1,0,1,1
1,0,0,0,0,0,0,0
0,0,1,1,1,0,0,1
1,0,0,0,0,0,0,0
1,0,0,0,0,0,0,0
0,0,0,1,0,1,0,1
0,0,0,0,1,0,1,0
0,0,0,1,1,1,0,1
1,0,0,0,0,1,0,0
0,1,0,1,1,1,1,1
1,0,0,0,0,0,0,0
1,0,0,0,0,0,0,0
1,1,1,1,0,1,1,1
1,0,1,0,0,0,0,0
0,0,0,1,1,1,1,1
0,1,0,1,1,1,1,1
0,0,0,0,1,1,1,1
1,0,0,0,0,1,0,0
1,0,1,1,1,1,0,1
0,0,1,0,1,0,1,1
1,0,0,0,0,0,0,0
1,1,0,1,1,1,1,1
1,0,0,1,0,0,1,0
0,0,0,1,0,0,0,0
1,0,0,0,0,0,0,0
1,1,0,1,1,0,0,1
0,1,0,1,1,1,0,1
1,0,0,0,0,0,0,0
0,0,0,0,0,0,0,0
1,1,1,0,1,0,1,1
1,0,0,0,1,0,0,1
1,1,0,1,0,0,0,1
0,1,0,1,0,1,0,1
1,0,1,0,0,0,0,0
0,0,1,1,1,1,1,1
1,1,1,1,1,1,1,1
1,0,0,0,0,0,0,0
1,0,0,0,0,0,0,0
1,0,0,0,1,0,0,0
0,0,0,0,0,0,0,0
0,1,1,1,1,1,0,1
0,1,0,1,1,1,1,1
0,1,1,0,0,1,1,1
1,0,0,0,0,0,0,0
0,1,1,1,0,1,1,1
0,0,0,1,0,1,0,1
0,1,0,1,1,1,1,1
1,0,1,0,1,1,0,1
1,0,0,0,0,0,0,0
1,0,0,0,0,0,0,0
0,0,0,1,0,0,0,1
1,0,0,0,0,0,0,0
1,0,0,0,0,0,1,0
1,0,0,0,1,0,0,0
1,0,0,0,0,0,0,0
1,1,0,0,1,1,0,1
0,0,1,1,1,0,1,1
0,0,1,1,0,0,0,1
1,0,1,0,1,0,0,0
1,1,0,0,1,0,1,1
0,1,0,0,0,0,0,1
0,0,0,1,1,1,1,1
0,0,0,1,0,0,1,1
0,0,0,1,0,1,0,1
0,1,1,0,0,0,0,1
0,1,1,1,1,0,0,1
1,0,0,0,0,0,0,0
0,1,0,0,1,1,1,1
1,0,0,0,0,0,0,0
0,0,0,0,0,0,0,0
1,0,0,0,1,0,0,0
1,0,0,0,0,0,0,0
0,0,1,0,0,0,1,0
1,0,0,0,1,0,0,0
1,0,0,0,0,0,1,0
1,0,0,0,0,0,0,0
0,0,0,1,1,0,0,1
0,1,1,1,1,0,0,1
0,0,0,1,1,0,0,1
1,0,0,1,0,0,0,0
0,0,0,1,1,1,1,1
1,1,0,1,0,0,0,1
1,0,0,0,0,0,0,0
1,1,0,1,0,1,0,1
1,0,0,0,0,0,0,0
1,0,0,0,0,0,0,0
1,0,0,0,0,0,0,0
1,1,1,0,1,1,1,1
1,0,0,0,0,1,0,0
1,0,0,0,0,0,0,0
1,0,0,0,0,0,0,0
1,0,0,0,0,0,0,0
1,1,0,0,0,1,0,1
0,1,1,1,0,1,1,1
0,1,0,1,1,1,0,1
0,0,1,0,0,1,0,1
1,0,0,1,0,0,0,0
1,1,0,0,0,0,1,1
0,0,0,0,0,0,0,0
1,0,0,0,0,1,0,0
0,1,1,0,1,1,1,1
1,0,0,0,0,0,0,0
1,0,1,0,0,0,0,0
1,0,0,0,0,0,0,0
1,0,0,0,0,0,0,0
1,0,0,1,0,1,1,1
1,1,0,0,1,1,0,1
0,0,1,1,0,0,1,1
0,1,1,1,1,0,1,1
1,0,0,1,1,0,0,1
1,1,0,1,0,0,1,1
1,0,0,0,0,0,0,0
1,1,1,0,0,0,0,1
0,0,0,0,0,0,1,0
0,1,1,1,0,1,1,1
1,0,0,0,0,0,0,0
1,0,0,0,1,0,0,0
0,1,1,1,0,1,0,1
1,0,0,0,0,0,0,0
1,0,0,0,0,0,0,0
1,0,0,0,0,0,0,0
0,0,1,1,1,1,1,1
1,0,0,0,0,0,1,0
1,0,0,0,0,0,1,0
0,0,1,1,1,1,0,1
0,0,1,0,1,1,0,1
0,1,1,0,1,1,1,1
1,0,0,0,0,0,0,0
0,1,0,1,0,1,1,1
0,0,1,1,1,1,0,1
1,1,1,1,0,0,0,1
0,1,0,1,1,1,1,1
1,0,0,0,0,0,0,0
1,0,1,1,0,0,0,1
1,0,0,0,1,1,0,1
1,0,0,0,0,0,0,0
1,1,1,1,0,0,0,1
0,1,0,1,1,1,0,1
1,0,0,0,0,0,0,0
0,1,1,1,0,1,0,1
0,0,0,1,1,1,1,1
0,1,1,1,1,0,0,1
1,1,0,1,1,0,1,1
1,0,0,0,0,0,0,0
1,1,1,1,1,0,1,1
1,0,0,0,1,1,0,1
0,0,0,1,0,0,1,1
0,0,0,0,1,0,1,1
0,0,0,1,0,1,0,1
1,0,1,1,1,1,0,1
1,0,0,0,0,1,0,0
1,0,0,0,0,1,0,0
0,0,0,0,0,1,1,1
1,0,0,0,0,0,0,0
0,0,1,0,0,1,1,1
1,0,0,0,0,0,0,0
0,1,0,1,0,1,1,1
1,0,0,1,1,0,0,0
1,0,0,0,0,0,0,0
1,1,1,1,1,0,1,1
0,1,0,1,1,0,1,1
0,1,0,0,0,1,0,1
1,1,1,1,1,1,1,1
1,0,0,1,0,1,0,0
1,1,0,1,0,0,0,1
1,1,1,1,0,0,1,1
0,1,1,1,0,1,0,1
1,0,0,0,0,0,0,0
1,0,0,1,1,0,0,0
1,1,0,0,0,0,0,1
1,0,0,0,0,0,0,0
0,1,1,0,0,0,1,1
0,1,1,1,0,1,0,1
1,0,0,0,0,0,0,0
0,0,0,1,1,0,1,1
1,0,0,0,0,0,0,0
1,0,0,0,0,0,0,0
1,1,0,1,0,1,1,1
0,0,1,1,0,1,0,1
1,0,0,0,0,0,1,0
1,0,0,0,0,1,0,0
0,1,0,1,1,1,0,1
1,0,0,0,0,1,0,0
1,0,0,0,0,0,0,0
1,0,0,0,0,0,0,0
1,0,0,0,0,0,0,0
0,0,1,1,1,0,1,1
0,1,1,1,1,0,0,1
1,0,0,0,0,0,0,0
1,0,1,0,0,0,0,0
1,0,0,0,0,0,0,0
0,0,1,1,1,0,0,1
1,1,1,1,0,1,1,1
1,0,0,0,0,0,1,0
0,0,0,0,0,0,0,0
0,1,0,0,0,0,1,0
0,1,0,1,0,1,1,1
1,1,0,0,0,1,1,1
1,1,1,1,0,0,1,1
1,0,0,0,0,1,0,0
1,0,1,0,0,0,0,1
1,0,0,0,0,0,0,0
1,0,1,1,0,1,0,1
0,1,1,0,1,0,0,1
1,0,0,0,0,0,0,0
1,0,0,1,0,1,1,1
0,0,1,0,0,0,0,1
1,0,0,0,0,0,0,0
0,1,0,0,0,1,1,1
1,0,0,1,1,0,0,0
1,0,0,0,0,0,0,0
1,0,0,0,0,0,0,0
1,0,0,0,0,0,1,0
1,1,1,1,1,0,1,1
1,0,0,0,0,0,0,0
0,1,1,1,1,1,0,1
1,0,0,0,0,0,0,0
1,0,0,1,1,0,0,1
1,0,0,0,0,0,0,0
1,0,0,0,0,0,0,0
0,1,1,1,1,1,0,1
1,0,1,0,0,0,0,0
1,0,0,0,0,0,0,0
0,0,0,0,0,1,0,0
0,0,0,0,1,0,0,1
1,0,0,0,0,0,0,0
0,0,0,1,1,1,0,1
0,1,1,1,1,1,0,1
1,1,0,0,0,1,1,1
0,0,0,0,0,0,0,1
1,0,0,0,0,0,0,0
0,1,0,1,1,1,1,1
0,1,0,0,0,1,0,1
1,0,0,0,0,0,0,0
1,0,0,0,0,0,0,0
1,0,1,0,0,0,0,0
0,0,0,0,0,1,0,1
0,0,0,0,0,0,0,0
0,1,1,0,1,0,0,1
0,1,1,0,0,1,0,1
1,0,0,0,1,1,0,0
1,0,0,0,0,0,0,0
1,0,0,0,0,0,0,0
1,0,0,0,0,1,0,0
1,0,0,1,0,1,1,0
1,0,0,0,0,0,0,0
0,0,0,1,0,1,1,1
1,0,0,0,0,0,0,0
1,0,0,0,0,0,0,0
1,1,0,0,0,0,0,0
0,1,0,1,1,1,1,1
1,0,0,0,0,0,0,0
1,0,0,0,0,0,0,0
1,0,0,0,0,0,0,0
0,0,0,1,0,1,1,1
1,0,1,0,1,0,0,1
1,0,1,0,0,0,0,0
1,0,0,0,0,0,0,0
0,0,0,0,1,0,0,1
0,0,1,1,1,1,0,1
0,1,0,0,1,1,0,1
1,0,0,0,0,0,0,0
1,1,1,0,1,0,0,1
0,0,0,1,1,0,1,1
0,1,0,1,1,0,1,1
1,1,1,1,0,1,0,1
1,1,0,1,0,1,1,1
1,0,0,1,0,0,0,0
1,0,0,0,0,0,0,0
0,1,0,1,0,1,1,1
0,1,1,1,0,0,0,1
1,0,0,0,0,0,0,0
0,1,0,1,0,0,1,1
1,0,0,0,0,1,0,0
1,0,1,0,0,1,0,0
1,0,0,0,0,0,1,0
0,1,0,0,0,0,1,1
1,0,0,0,0,0,0,0
0,0,1,0,0,1,1,1
0,1,0,1,1,1,1,1
0,0,0,1,0,1,1,1
0,0,0,1,0,0,1,1
1,0,1,0,0,1,0,0
1,0,0,0,0,0,0,0
1,0,0,0,0,0,1,0
0,0,0,1,0,1,1,1
1,1,0,1,1,1,0,1
1,0,0,0,0,0,0,0
1,1,0,0,1,0,0,1
1,0,0,1,0,0,0,0
1,0,1,0,0,0,0,0
1,0,1,0,1,0,1,1
0,1,0,1,0,0,1,1
0,1,1,1,1,0,1,1
0,1,0,0,1,0,0,1
1,0,0,0,1,1,0,0
1,0,0,0,0,1,0,0
0,1,1,1,1,0,0,1
0,1,1,1,0,1,0,1
1,1,1,0,0,1,0,1
1,0,1,0,0,0,1,1
0,1,1,1,1,1,1,1
1,0,0,0,0,0,0,0
1,0,1,0,0,0,0,0
1,0,0,0,0,1,0,0
1,0,1,1,1,1,0,1
0,1,1,1,1,1,1,1
1,0,0,0,0,0,0,0
1,1,1,1,0,0,1,1
1,0,0,0,0,0,0,0
1,0,0,0,0,0,0,0
1,0,0,0,0,0,0,0
1,1,0,0,0,1,0,0
1,0,0,1,1,0,1,1
0,1,1,0,0,1,1,1
0,1,0,1,1,0,0,1
0,1,1,1,1,1,0,1
0,1,1,1,0,1,1,1
0,1,0,1,1,0,1,1
1,0,0,0,0,0,0,0
0,1,1,1,1,1,1,1
0,1,0,1,0,0,0,1
1,1,1,1,1,1,0,1
0,1,1,1,1,1,1,1
1,1,0,0,1,1,1,1
0,1,1,1,1,1,0,1
0,1,0,1,0,1,0,1
1,0,0,0,0,0,0,0
1,1,0,1,0,1,0,1
0,1,1,1,0,0,1,1
1,0,0,0,0,1,0,0
1,0,0,0,0,1,0,0
0,0,0,1,1,1,1,1
1,0,0,0,0,0,0,0
1,0,0,0,0,0,0,0
0,0,1,1,0,1,1,1
0,1,0,1,0,1,0,1
1,0,1,1,0,1,1,1
1,0,0,0,0,0,0,0
0,0,1,1,0,1,1,1
0,0,0,0,0,0,0,0
1,0,0,0,0,0,0,0
1,0,0,0,0,0,0,0
1,1,0,0,0,0,0,1
1,0,0,0,0,0,0,0
0,1,1,0,0,1,1,1
0,0,0,0,0,0,0,0
1,0,0,0,0,1,0,0
0,1,0,1,1,1,1,1
1,0,0,0,0,0,0,0
0,0,0,0,0,0,1,1
0,1,1,1,0,1,0,1
1,0,1,0,1,1,0,1
1,0,0,0,0,0,0,0
0,1,0,1,1,0,1,1
1,0,1,1,0,0,0,1
1,0,0,0,0,0,0,0
0,1,1,1,0,1,0,1
1,0,0,0,1,0,1,0
1,1,1,1,1,1,1,1
0,0,1,0,1,0,0,1
1,1,1,0,1,1,0,1
0,1,0,1,1,0,0,1
1,0,0,0,0,0,0,0
0,1,0,0,1,0,1,1
1,0,0,0,1,0,0,0
0,0,1,1,0,1,0,1
1,0,0,0,0,0,0,0
0,1,1,1,0,1,1,1
1,0,1,1,1,0,0,1
1,0,0,0,1,0,1,0
1,0,0,0,0,0,0,0
1,0,0,0,0,0,0,0
1,1,0,1,0,0,1,1
0,1,0,0,0,0,0,1
0,0,1,0,0,1,0,1
1,0,0,0,0,0,0,0
1,0,0,0,0,0,0,0
1,0,0,0,1,0,0,0
0,0,0,0,1,1,0,1
0,0,0,1,0,1,1,1
1,0,0,0,0,0,0,0
1,0,0,0,0,0,0,0
0,1,1,1,0,0,1,1
1,0,0,0,0,0,0,0
0,0,1,1,0,1,0,1
1,0,0,0,0,0,0,0
1,0,0,0,0,0,0,0
1,0,0,0,1,1,0,0
0,0,1,0,1,1,1,1
1,0,0,0,0,0,0,0
1,0,1,0,0,0,0,0
1,0,0,0,0,0,0,0
1,0,0,0,0,0,0,0
1,0,0,0,0,0,0,0
1,0,0,0,0,0,0,0
1,0,1,0,0,0,0,0
1,0,0,0,0,1,0,0
1,0,0,0,0,0,0,0
1,0,0,0,0,0,0,0
1,0,0,0,1,0,0,0
1,0,0,0,1,0,0,0
1,0,0,0,0,0,0,0
0,1,0,0,1,1,1,1
1,0,0,0,1,0,0,0
1,0,0,0,0,0,0,0
0,1,1,0,1,1,0,1
1,0,1,0,0,1,1,1
1,0,1,0,0,0,1,0
1,0,0,0,0,0,0,0
1,1,0,1,1,1,1,1
1,0,0,0,1,1,0,0
0,1,0,0,0,1,1,1
0,1,1,1,0,1,1,1
1,0,1,1,0,0,1,1
0,1,0,1,0,0,1,1
1,1,1,0,0,1,0,0
0,1,0,0,0,0,0,1
0,1,0,0,1,1,0,1
0,1,0,1,0,0,0,1
1,0,0,0,0,0,0,0
0,1,1,0,1,1,1,1
1,0,0,0,0,0,0,0
1,0,0,0,0,0,0,0
1,0,0,0,0,0,0,0
0,1,1,1,0,0,0,1
1,0,1,1,1,1,0,1
1,0,0,0,1,0,0,0
1,0,0,0,0,0,0,0
1,1,0,1,0,0,1,1
1,0,0,1,0,0,0,0
1,0,0,0,0,0,0,0
0,1,1,1,1,1,1,1
1,0,0,0,0,0,0,0
1,0,0,0,0,0,1,0
1,0,0,0,0,0,0,0
1,0,1,0,0,0,0,0
0,1,1,1,1,1,1,1
1,0,0,0,1,0,0,0
0,0,0,1,1,1,0,1
0,0,0,0,0,1,0,0
1,1,0,0,0,0,0,0
1,0,0,0,0,0,0,0
1,0,0,0,0,0,0,0
0,0,0,0,0,0,0,0
0,1,0,1,0,1,1,1
1,0,0,0,0,0,0,0
1,1,0,1,0,0,1,1
0,1,0,1,1,0,0,1
0,1,0,0,0,0,0,1
0,1,1,1,0,1,0,1
1,0,1,1,1,1,0,1
0,0,1,1,1,0,1,1
1,0,0,0,0,0,0,0
0,0,1,1,1,1,0,1
1,1,0,0,0,1,0,1
0,0,1,1,0,1,0,1
0,0,0,1,1,0,0,1
1,0,0,0,0,0,0,0
1,0,0,0,0,0,0,0
0,0,0,0,0,0,1,0
1,1,0,1,1,0,0,1
1,1,1,1,1,1,1,1
0,1,0,1,0,0,0,1
0,1,1,1,1,1,1,1
1,0,0,0,0,0,1,0
1,1,0,1,0,1,1,1
0,1,0,0,0,1,1,1
1,0,0,0,0,0,0,0
0,1,0,0,0,0,0,1
1,0,0,0,0,1,0,0
1,0,0,0,0,0,0,0
0,1,1,1,1,1,1,1
0,0,0,1,0,1,0,1
1,1,0,1,0,1,1,1
1,1,1,1,0,1,0,1
0,1,0,0,1,0,0,1
1,0,0,0,0,0,0,0
0,1,1,1,0,0,0,1
1,0,0,0,0,1,0,0
1,0,0,0,0,0,0,0
0,0,1,1,0,0,1,1
1,1,1,0,0,0,1,1
1,0,0,0,0,0,1,0
0,0,0,1,0,1,0,1
1,0,0,0,0,1,1,0
1,0,0,0,1,0,0,0
0,0,0,1,0,1,0,1
1,0,0,0,0,0,1,0
0,1,1,1,0,0,1,1
1,0,0,1,0,0,0,0
1,0,0,0,1,0,0,0
1,0,0,0,0,0,0,0
0,0,1,1,1,1,1,1
1,0,0,0,0,0,0,0
1,0,0,0,0,0,0,0
1,0,0,1,0,0,0,0
1,0,0,0,0,0,0,0
1,0,0,0,0,0,0,0
0,0,0,0,0,0,0,1
1,1,0,0,0,0,1,1
0,0,1,1,1,1,0,1
0,1,0,1,0,1,0,1
0,1,0,1,0,1,0,1
0,1,0,1,0,1,1,1
1,0,1,0,1,1,0,1
0,1,0,1,0,1,0,1
1,0,0,0,1,0,1,1
0,0,0,1,0,0,1,1
1,0,0,0,0,0,1,0
1,0,0,0,0,0,0,0
0,0,1,1,0,0,0,1
1,1,0,1,0,1,0,1
0,1,0,1,0,1,1,1
1,0,0,0,0,0,0,0
1,0,0,0,0,0,0,0
0,0,1,1,1,1,0,1
0,1,1,1,1,0,0,1
1,1,0,1,1,1,0,1
1,0,0,0,0,0,1,0
1,0,0,0,0,0,0,0
1,0,0,0,0,0,0,0
0,1,1,0,0,1,0,1
1,0,1,1,0,0,1,1
1,0,0,0,0,0,0,0
1,0,0,0,0,0,0,0
0,0,1,1,1,0,1,1
0,0,0,0,1,0,1,1
1,1,1,0,1,0,0,1
1,0,0,0,0,0,0,0
1,0,0,1,1,1,1,1
1,0,0,0,0,0,0,0
1,0,0,1,0,1,0,1
1,1,1,0,0,1,1,1
1,0,0,0,1,0,0,0
1,1,1,1,0,1,1,1
1,0,0,0,0,0,0,0
1,0,0,0,1,0,0,0
0,1,0,0,1,0,1,1
0,0,0,0,0,0,0,0
0,0,0,0,1,1,0,1
1,1,1,1,1,1,1,1
1,0,1,1,0,1,0,1
1,1,0,0,0,0,0,1
0,0,0,0,0,0,0,0
0,0,1,0,0,1,1,1
1,0,1,0,1,0,0,0
1,0,0,0,0,0,0,0
0,1,0,0,1,1,1,1
1,0,1,0,0,1,1,1
1,0,0,0,0,0,1,0
1,0,0,0,0,0,0,0
1,1,1,1,1,1,1,1
1,0,0,1,1,0,0,1
0,0,0,1,0,1,1,1
1,0,0,0,0,0,0,0
1,0,0,0,0,0,1,0
1,0,0,0,0,1,0,0
0,1,1,0,1,0,0,1
1,0,0,0,0,0,0,0
0,1,0,1,1,1,0,1
1,0,0,0,0,1,0,0
1,0,0,0,0,0,1,0
0,0,0,1,0,0,0,1
1,0,0,0,0,0,0,0
0,1,1,1,1,0,1,1
1,0,0,0,0,0,0,0
1,0,0,0,0,0,0,0
0,0,0,0,1,0,0,1
1,0,1,0,0,0,0,0
1,1,0,0,0,0,0,1
0,0,0,0,0,0,0,0
1,1,0,1,0,0,0,1
0,0,1,0,0,1,0,1
1,0,0,0,1,0,0,0
1,1,0,1,1,1,1,1
0,0,0,1,1,0,1,1
1,0,1,0,0,0,0,0
1,0,0,0,0,0,0,0
1,0,0,0,0,1,0,0
1,0,0,0,0,0,0,0
1,0,0,0,0,0,0,0
1,0,0,0,0,0,0,0
1,0,0,0,0,0,0,0
1,0,0,0,0,0,0,0
1,0,0,0,0,0,0,0
0,0,1,0,0,0,1,1
0,1,1,1,0,1,1,1
1,0,1,1,1,0,0,1
1,1,0,1,0,0,1,1
1,0,1,0,0,0,0,0
1,0,0,0,0,0,0,0
1,0,0,0,0,0,0,0
1,1,0,0,0,0,1,1
1,0,0,0,0,0,0,0
0,0,0,1,0,1,1,1
1,0,0,0,0,0,0,0
1,1,1,1,0,0,0,1
0,1,1,1,1,1,1,1
1,0,0,0,0,0,0,0
1,0,1,0,0,0,0,0
0,1,1,1,1,0,0,1
1,0,0,0,0,0,0,0
1,0,0,0,0,0,0,0
0,0,0,0,0,1,0,1
0,1,1,1,1,1,1,1
1,0,0,0,0,0,0,0
0,0,0,0,0,1,1,1
1,0,0,0,0,0,0,0
1,1,1,0,0,1,0,1
1,0,0,0,0,1,0,0
1,0,0,0,1,0,0,0
1,0,0,0,0,0,0,0
1,1,0,1,0,1,0,1
1,0,0,0,0,0,0,0
0,1,0,0,1,1,0,1
1,0,0,0,0,1,1,0
1,0,1,0,0,0,0,0
0,0,1,1,0,1,0,1
0,0,0,0,1,0,1,1
1,0,0,0,0,0,0,0
0,0,0,0,0,0,0,0
0,0,0,0,1,0,1,1
1,0,0,0,0,0,0,0
1,0,0,0,0,0,0,0
1,0,0,0,0,0,0,0
0,0,1,1,1,0,0,1
1,0,0,0,1,0,0,0
1,1,0,1,1,0,0,1
1,0,0,0,0,0,0,0
0,1,0,0,0,0,1,1
1,0,0,0,0,0,0,0
0,1,1,1,1,0,0,1
1,0,1,0,0,0,0,0
1,1,0,0,0,0,1,1
1,0,0,0,0,0,0,0
1,0,0,1,0,0,0,0
1,0,0,0,0,0,0,0
0,0,1,1,0,1,1,1
1,1,1,0,0,1,1,1
1,0,1,1,0,1,0,1
0,0,0,0,1,0,1,1
0,0,0,0,0,0,0,0
0,1,0,1,1,0,0,1
1,0,0,0,0,0,0,0
0,0,0,0,0,0,0,0
1,0,0,0,0,0,0,0
1,0,1,1,1,1,1,1
0,1,1,0,0,1,0,1
1,0,1,0,0,0,0,1
1,0,0,0,0,0,0,0
1,0,0,0,0,0,0,0
1,1,0,1,1,1,0,1
1,0,0,0,1,0,0,0
1,0,0,0,0,0,0,0
1,0,0,0,0,0,0,0
1,0,0,0,0,0,0,0
0,1,0,1,0,1,0,1
1,0,0,1,1,0,0,0
1,0,0,0,0,0,0,0
0,0,0,1,1,0,1,1
0,1,0,1,0,1,0,1
0,0,1,0,1,0,1,1
0,1,0,0,1,1,1,1
0,0,1,1,1,0,0,1
1,0,0,0,0,0,0,0
1,0,0,0,0,0,1,0
1,1,1,1,1,0,1,1
0,0,0,0,1,1,0,1
0,1,0,1,0,1,1,1
0,1,0,0,0,0,0,1
0,1,0,1,1,1,0,1
1,0,0,0,0,0,1,0
0,1,1,1,1,1,0,1
1,0,0,0,0,0,0,0
1,0,1,1,0,0,1,0
1,0,1,1,1,0,0,1
0,0,1,1,0,1,0,1
0,0,0,1,0,1,0,1
1,0,0,1,1,1,1,1
1,1,1,1,1,0,0,1
1,0,0,0,0,0,0,0
1,0,0,0,0,0,0,0
0,0,1,1,1,0,1,1
0,0,1,1,1,0,1,1
0,0,1,0,0,0,0,1
1,1,0,1,1,1,0,1
1,1,0,0,0,0,1,0
0,1,1,0,1,0,0,1
1,1,0,1,1,0,1,1
0,0,0,0,1,0,0,1
0,0,0,0,0,1,0,0
0,0,1,1,0,0,1,1
1,0,0,1,0,1,1,1
1,0,0,1,1,1,1,1
1,0,0,0,1,1,1,1
0,1,0,1,0,1,1,1
1,0,0,0,1,0,0,0
1,0,0,1,0,0,0,0
0,1,0,1,0,1,0,1
0,0,1,1,1,0,0,1
1,0,0,0,0,0,0,0
1,0,1,0,0,0,0,0
1,0,0,0,0,0,0,0
1,0,1,1,0,0,1,1
0,1,0,0,0,1,1,1
0,1,1,1,1,0,1,1
1,0,0,0,0,0,0,0
1,0,0,0,0,0,0,0
1,0,0,0,0,1,0,0
1,0,0,0,0,0,0,0
0,1,1,1,1,1,0,1
1,0,0,0,0,0,1,0
1,0,0,0,0,0,0,0
1,0,0,0,1,0,0,0
1,1,1,0,0,0,0,1
0,1,0,1,1,1,0,1
1,0,0,0,0,0,0,0
1,0,0,0,0,0,0,0
1,0,0,0,0,0,0,0
1,0,0,0,0,0,0,0
1,0,0,0,0,0,0,0
1,1,1,1,1,0,1,1
1,0,0,0,0,0,0,0
1,0,0,0,0,0,0,0
1,0,0,0,0,0,0,0
0,1,1,0,1,0,1,1
0,1,0,0,0,0,0,1
1,1,0,0,0,0,0,0
1,0,0,0,0,0,0,0
1,1,1,1,0,0,0,1
1,0,0,0,0,1,0,0
1,0,0,0,1,0,0,0
1,0,0,0,0,0,0,0
1,0,0,0,0,0,0,0
1,1,0,0,0,0,0,1
0,1,1,1,1,1,1,1
0,1,1,1,0,1,0,1
1,0,1,0,1,1,1,1
1,0,0,0,0,0,0,0
1,0,0,0,0,0,0,0
1,0,0,0,0,0,0,0
1,1,1,1,1,0,1,1
0,1,1,1,1,1,1,1
1,0,0,0,0,1,0,0
1,0,0,0,0,1,0,0
1,1,0,0,0,0,0,0
1,0,1,0,0,0,0,0
0,1,1,1,1,1,1,1
1,0,0,0,0,0,0,0
0,0,1,1,1,0,1,1
0,0,0,1,0,0,0,1
1,1,1,1,1,1,1,1
1,0,0,0,0,0,0,0
1,0,1,0,0,0,0,0
1,0,0,1,0,0,1,0
1,0,0,0,0,0,0,0
1,0,0,0,0,0,0,0
1,0,0,0,0,0,0,0
0,1,0,1,0,0,0,1
1,0,0,0,1,0,1,0
1,0,1,0,0,0,0,0
1,0,0,0,0,0,0,0
1,0,0,0,0,0,0,0
1,0,0,0,0,0,0,0
1,1,1,1,0,1,1,1
0,1,1,1,1,1,1,1
1,1,0,1,1,1,0,1
1,0,1,1,0,1,0,1
1,0,1,1,0,1,1,1
1,0,0,0,0,0,0,0
1,1,0,1,0,0,1,1
0,0,1,1,1,1,1,1
1,0,0,0,0,0,0,0
1,0,0,0,0,0,0,0
1,1,0,0,1,1,0,1
1,0,1,1,1,0,1,1
0,0,0,1,0,1,1,1
1,0,0,0,0,0,0,0
1,0,0,0,0,0,1,0
1,1,0,0,1,1,0,1
1,0,0,0,0,0,0,0
1,0,0,0,0,1,0,0
0,0,0,0,0,0,0,0
1,0,0,0,0,0,0,0
1,0,0,0,0,0,0,0
1,0,0,0,0,0,0,0
1,0,0,0,0,0,0,0
0,1,1,0,0,0,1,1
0,1,0,1,1,0,1,1
0,0,1,1,1,1,0,1
0,1,1,1,0,1,0,1
1,0,0,0,0,0,0,0
0,0,0,1,0,1,0,1
0,1,0,1,1,0,1,1
1,1,1,0,0,1,1,1
0,1,1,1,1,1,1,1
0,1,1,0,1,0,1,1
1,0,0,0,0,0,0,0
1,1,1,1,0,1,0,1
0,1,0,1,0,1,0,1
1,0,0,0,0,0,0,0
1,1,0,1,0,0,1,1
0,1,1,1,1,0,0,1
0,0,1,1,1,1,1,1
0,1,1,1,1,1,1,1
1,0,1,0,0,0,0,0
1,0,1,0,0,0,0,0
1,1,0,1,0,1,1,1
1,0,0,0,0,0,0,0
0,1,0,1,1,0,0,1
0,0,1,0,1,0,0,0
1,1,0,0,1,1,0,1
1,0,0,0,0,0,0,0
0,1,1,1,1,1,0,1
1,1,1,1,1,1,1,1
1,1,0,1,0,0,0,1
0,1,0,1,0,1,1,1
0,0,0,1,0,0,1,1
0,0,0,1,1,1,0,1
0,1,1,1,1,1,0,1
1,0,0,0,0,0,0,0
1,1,0,1,1,0,0,1
0,0,0,0,1,0,1,1
1,0,0,0,1,0,0,0
0,1,0,1,0,0,0,1
1,0,0,0,0,0,0,0
0,1,0,0,0,0,0,0
1,1,0,0,0,0,0,0
1,0,1,1,1,0,0,1
1,0,0,0,0,0,0,0
1,0,0,0,0,0,1,0
1,0,0,0,0,0,0,0
1,0,1,0,0,0,0,0
1,1,1,1,0,1,0,1
1,1,1,1,0,1,1,1
1,0,0,0,1,0,0,0
1,0,0,0,0,0,1,0
1,1,0,1,1,0,1,1
0,1,1,1,1,0,1,1
1,0,0,0,0,0,0,0
1,0,0,0,0,0,0,0
1,0,0,0,0,0,0,0
1,0,0,0,0,0,0,0
0,1,0,1,1,1,0,1
1,0,0,0,0,0,0,0
1,0,0,1,0,0,0,0
0,1,1,0,1,0,0,1
1,0,0,0,0,0,0,0
1,0,0,0,0,0,0,0
0,0,1,0,0,0,0,1
0,1,1,1,0,0,0,1
0,1,1,1,0,0,1,1
1,0,0,0,0,0,0,0
1,0,0,1,1,0,1,1
1,1,0,1,1,1,1,1
1,0,0,0,0,0,0,0
0,0,0,1,0,1,1,1
1,0,0,0,0,0,0,0
1,0,0,0,0,0,0,0
1,0,0,1,1,0,0,0
0,1,1,1,1,0,1,1
0,0,0,1,1,1,1,1
1,1,1,1,1,1,0,1
1,1,0,1,0,0,1,1
0,0,1,1,0,1,0,1
0,1,0,1,1,0,1,1
1,0,0,1,1,0,0,0
1,0,0,0,1,0,0,0
1,1,1,1,0,1,0,1
1,0,0,0,0,0,0,0
0,1,0,0,1,1,0,1
1,0,0,0,0,0,0,0
1,0,0,0,0,0,0,0
0,1,0,1,0,1,0,1
1,1,1,1,0,1,1,1
0,1,0,1,0,0,1,1
1,1,1,0,1,1,1,1
1,0,0,0,0,0,0,0
1,0,0,0,0,0,0,0
0,0,1,0,1,1,1,1
1,0,1,0,0,1,0,1
1,0,0,0,0,0,0,0
0,1,1,0,0,0,0,1
1,0,1,0,1,0,0,0
0,1,1,1,1,0,1,1
0,0,1,1,1,1,0,1
1,1,1,1,1,1,1,1
1,0,0,0,0,0,0,0
1,0,0,0,0,0,0,0
1,1,1,1,0,1,1,1
1,0,0,0,0,0,0,0
1,0,0,0,0,0,0,0
0,0,0,1,0,1,1,1
0,0,0,0,0,1,0,1
1,1,1,1,0,1,1,1
0,0,0,0,0,0,0,0
1,0,0,0,1,0,0,0
1,0,0,0,0,1,0,0
1,0,0,0,0,0,0,0
1,0,0,0,0,0,1,0
0,0,0,0,0,0,1,1
1,0,0,0,0,0,0,0
1,1,1,0,0,1,0,1
0,1,1,0,0,0,1,1
0,1,1,1,1,0,0,1
1,1,0,0,1,1,1,1
0,0,1,0,1,0,0,1
0,1,0,1,0,0,1,1
1,0,0,0,0,0,0,0
1,0,1,0,1,1,0,1
1,1,0,0,0,1,0,1
0,0,0,1,1,0,0,1
1,0,0,0,0,0,0,0
1,0,1,1,0,0,0,1
1,0,0,0,0,1,0,1
1,0,0,0,0,0,0,0
0,1,1,1,1,1,0,1
0,0,1,1,0,1,1,1
0,1,0,1,0,1,1,1
1,0,1,0,0,0,0,0
1,0,0,0,1,0,0,0
0,0,1,0,0,0,1,1
1,0,0,0,0,1,0,0
1,0,0,0,0,0,1,0
1,0,0,0,1,0,0,0
1,0,0,0,0,0,0,0
1,0,0,0,1,0,0,0
1,0,0,0,0,0,0,0
0,0,1,1,1,0,0,1
1,0,0,0,0,0,1,0
1,0,0,0,0,0,0,0
0,0,0,1,1,1,1,1
1,0,0,0,0,0,0,0
1,0,0,0,0,0,0,0
1,0,0,1,0,0,0,0
0,0,0,0,1,1,0,0
1,0,0,0,0,0,0,1
1,0,0,0,0,0,0,0
1,1,0,1,0,1,1,1
1,0,0,0,0,0,0,0
1,0,1,1,1,0,1,1
1,0,0,0,0,0,0,0
1,1,0,1,1,1,1,1
1,0,0,0,0,0,0,0
1,0,0,0,1,0,0,0
1,0,0,0,0,0,0,0
0,1,0,1,0,0,1,1
1,0,0,1,0,1,1,1
1,0,1,0,1,0,0,1
1,1,1,0,0,1,0,1
1,0,0,0,0,0,0,0
1,0,0,0,1,0,0,0
1,0,0,0,1,1,0,0
1,0,0,0,0,0,0,0
1,0,0,0,0,1,0,0
1,1,0,0,1,0,1,1
1,0,0,0,0,0,0,0
1,0,0,0,0,0,0,0
1,0,0,0,0,0,0,0
0,0,1,1,1,1,1,1
1,0,0,0,0,0,0,0
1,0,0,0,0,0,0,0
1,0,0,0,1,0,0,0
1,0,0,0,0,0,0,0
1,1,1,1,1,0,1,1
1,0,0,0,0,0,0,0
1,1,1,0,0,0,1,1
1,0,0,1,0,0,1,1
1,0,0,1,0,0,0,0
0,1,1,0,0,1,1,1
1,0,0,0,0,0,0,0
0,0,1,1,0,1,1,1
1,0,0,0,0,0,1,0
0,1,0,1,0,1,1,1
1,1,0,1,1,1,1,1
1,0,1,1,1,0,1,1
1,0,0,1,1,1,0,1
1,0,0,0,0,0,0,0
1,0,0,0,0,0,0,0
0,1,0,1,0,1,1,1
1,0,0,0,0,0,0,0
1,0,0,0,0,0,0,0
0,0,1,1,1,0,1,1
0,0,0,0,1,0,0,1
1,0,0,0,0,0,0,0
1,0,1,0,0,0,0,0
1,0,0,0,1,1,0,0
0,1,0,1,0,0,0,1
0,1,1,0,1,1,1,1
1,0,1,1,1,0,0,1
1,0,1,1,0,1,1,1
0,0,1,0,1,0,1,1
1,0,1,1,0,1,0,1
1,1,1,1,0,1,0,1
0,0,0,0,0,0,0,0
1,0,0,0,0,0,0,0
0,1,0,0,1,1,0,1
0,1,1,1,0,0,0,1
0,1,1,0,0,1,1,1
1,0,0,0,0,0,0,0
0,0,0,1,1,1,0,1
0,1,1,1,1,0,1,1
1,0,0,0,0,0,0,0
1,0,1,0,0,1,1,1
1,0,0,0,0,1,0,0
0,0,1,1,1,1,1,1
0,1,1,1,0,0,0,1
1,0,0,0,0,0,0,0
1,1,0,0,0,0,0,0
0,1,1,0,1,0,0,1
1,0,0,0,0,1,1,0
1,0,0,0,0,0,0,0
0,1,0,1,0,1,1,1
1,0,0,0,0,0,0,0
1,0,1,0,0,0,0,0
1,0,1,0,1,1,0,1
1,0,1,0,0,0,0,1
1,0,1,0,0,0,0,0
1,0,0,0,0,0,0,0
1,0,0,0,0,0,0,0
1,0,0,0,0,0,0,0
0,0,0,0,1,0,1,1
1,1,0,1,1,1,0,1
0,0,0,1,1,0,0,1
0,1,1,1,0,1,0,1
0,0,0,1,0,0,1,1
1,0,1,1,0,1,0,0
1,0,0,0,0,0,0,0
1,0,0,0,0,0,0,0
1,0,1,0,0,0,0,0
1,0,0,0,0,0,0,0
1,0,0,0,0,0,0,0
1,0,0,0,0,0,0,0
0,1,1,0,1,1,0,1
0,1,0,1,1,0,1,1
1,1,0,1,0,1,1,1
1,0,0,0,0,0,0,0
1,1,1,1,1,1,0,1
0,1,1,1,1,1,0,1
1,1,1,1,0,1,0,1
1,0,0,1,0,0,1,1
0,1,0,0,1,1,1,1
1,0,1,1,1,0,1,1
1,0,0,0,0,0,0,0
1,0,0,1,0,1,1,1
0,0,1,1,0,1,0,1
0,0,0,1,1,0,0,1
1,0,0,1,0,0,0,0
1,0,0,0,0,0,0,0
1,0,0,0,1,0,0,0
1,0,0,0,0,0,0,0
1,1,1,1,1,0,1,1
1,0,0,0,0,0,0,0
1,0,0,1,1,0,0,0
0,1,1,0,0,1,1,1
1,0,0,0,1,0,0,0
0,0,0,1,0,1,0,1
1,0,0,0,1,0,0,0
0,1,1,0,0,1,1,1
1,0,0,0,0,1,0,0
1,0,0,0,0,0,0,0
0,0,1,1,0,1,0,1
1,1,1,1,1,1,1,1
0,0,1,1,1,1,0,1
1,0,0,0,0,0,0,0
1,0,0,1,0,0,0,0
1,1,0,1,1,1,1,1
0,1,0,1,0,0,0,1
0,1,0,1,1,0,1,1
0,0,1,0,0,1,0,1
0,1,1,1,0,1,0,1
1,0,0,0,0,0,0,0
1,0,1,0,0,0,0,0
1,0,0,0,0,0,0,0
1,0,0,0,0,0,0,0
0,0,0,1,0,0,0,1
0,1,1,1,1,1,1,1
1,0,0,0,1,0,0,0
1,0,0,0,0,0,0,0
0,0,0,1,0,1,0,1
1,0,0,0,0,0,0,0
0,0,1,1,0,1,0,1
1,0,1,0,0,0,0,0
0,0,1,1,1,1,0,1
1,0,0,0,0,1,0,0
1,0,0,0,0,0,0,0
1,0,0,0,0,0,0,0
0,0,0,0,0,1,0,0
0,0,0,1,0,1,0,1
1,0,0,1,0,0,0,0
1,0,1,0,0,0,0,0
1,1,1,1,1,1,1,1
1,1,0,1,1,0,1,1
1,0,0,0,0,0,0,0
1,0,0,0,0,0,0,0
1,0,0,0,0,0,0,0
1,0,0,0,0,0,0,0
1,0,0,0,0,0,0,0
1,1,1,0,0,1,0,1
1,1,0,0,0,0,0,0
1,0,0,0,0,0,0,0
1,0,0,0,0,0,0,0
0,1,1,1,0,1,0,1
0,1,0,0,0,0,1,1
1,0,0,0,0,0,0,0
1,0,0,0,0,0,0,0
0,1,0,1,1,1,1,1
1,0,1,0,0,1,0,0
1,0,0,0,1,0,1,0
1,0,0,0,0,0,0,0
1,0,0,0,0,0,0,0
1,0,0,0,1,1,0,0
1,0,0,0,1,0,0,0
1,0,0,0,0,0,0,0
0,0,0,0,0,0,0,0
0,0,1,0,0,1,0,1
0,0,0,0,1,0,1,1
1,0,0,0,0,0,0,0
0,1,1,0,1,1,1,1
0,0,0,1,0,0,0,1
0,0,1,1,0,0,1,1
1,1,0,1,1,0,0,1
1,1,0,1,1,1,1,1
1,0,0,0,1,0,0,0
1,0,0,1,0,0,0,0
1,1,0,0,0,0,0,0
1,0,1,0,0,0,0,0
1,0,0,0,0,0,0,0
1,0,0,0,0,0,0,0
1,0,0,0,0,1,1,1
1,0,0,0,0,1,0,0
1,0,0,0,1,0,0,0
1,1,0,1,1,1,0,1
1,0,1,0,0,0,1,0
0,1,0,1,0,1,1,1
1,0,0,0,0,0,0,0
1,1,1,1,0,0,1,1
1,0,0,1,1,1,1,1
1,0,1,0,0,0,0,0
1,1,1,1,1,1,0,1
1,1,0,0,0,0,1,1
0,1,1,0,0,1,1,1
1,0,1,0,0,0,0,0
0,1,1,0,1,1,0,1
1,0,0,0,0,1,0,0
1,0,0,0,0,0,0,0
1,0,0,0,0,0,0,0
0,0,0,0,1,1,0,1
1,1,1,1,0,1,1,1
1,1,0,1,0,1,1,1
0,1,1,0,1,0,1,1
1,0,0,0,0,0,0,0
0,1,0,0,0,0,1,1
0,1,1,1,0,1,1,1
1,0,0,0,1,0,0,0
0,0,1,1,0,0,0,1
0,0,0,1,0,1,1,1
0,0,0,1,1,1,1,1
1,1,0,0,0,0,1,1
1,0,0,0,0,0,0,0
1,1,1,1,1,1,1,1
1,0,0,0,0,0,0,0
1,0,0,0,0,0,0,0
0,0,1,1,1,0,1,1
1,0,0,0,0,0,0,0
1,0,0,0,0,0,0,0
0,1,0,1,1,1,1,1
1,0,1,0,0,1,0,1
1,1,0,1,1,0,1,1
1,1,0,1,1,0,0,1
1,1,1,0,1,1,0,1
1,0,0,0,0,0,0,0
0,1,1,1,0,1,0,1
1,1,0,1,1,1,1,1
1,0,1,0,0,0,0,0
1,0,1,1,0,0,0,0
1,0,1,1,0,0,0,0
0,0,1,0,0,0,0,1
1,0,0,0,0,0,0,0
1,1,1,1,0,0,1,1
0,1,1,1,0,1,1,1
1,0,0,0,1,0,0,0
1,0,0,0,0,0,0,0
1,0,0,0,0,0,1,1
0,0,1,0,0,1,1,1
1,0,0,0,0,1,0,1
1,0,0,0,1,0,0,0
1,0,0,0,0,0,0,0
0,0,0,1,0,0,0,1
1,0,0,0,0,0,0,0
1,0,1,0,0,0,0,0
0,1,0,1,0,0,0,1
1,0,0,0,0,0,0,0
0,1,1,1,0,0,1,1
0,0,1,0,0,0,0,0
1,0,0,0,1,0,0,0
1,0,0,0,0,1,0,0
1,0,0,1,1,0,1,1
1,0,0,1,0,0,1,1
1,0,0,0,0,0,0,0
1,0,0,0,0,0,0,0
1,0,0,0,1,0,0,0
1,0,0,0,0,0,1,0
1,0,0,0,0,0,0,0
1,0,0,0,0,0,0,0
0,1,0,1,1,1,0,1
1,0,0,1,0,0,0,0
1,0,1,1,1,1,1,1
0,0,1,1,1,1,1,1
1,0,0,0,0,0,0,0
1,0,0,0,0,0,0,0
0,1,1,1,0,0,0,1
1,0,1,0,0,0,0,0
0,1,1,0,0,0,1,1
1,0,0,0,0,0,0,0
1,0,0,0,1,0,0,0
1,0,1,0,0,0,0,0
1,0,0,0,0,0,0,0
1,0,0,0,0,0,0,0
1,0,1,1,0,1,0,1
1,0,0,0,0,0,0,0
0,1,1,0,1,0,0,1
1,0,0,0,0,1,0,0
1,0,0,0,0,1,0,0
0,1,0,1,0,0,0,1
1,0,0,0,1,0,0,0
1,0,0,0,0,0,0,0
1,0,0,0,0,0,0,0
1,0,1,0,0,0,0,0
1,0,0,0,0,1,1,1
1,0,1,0,0,0,0,0
0,1,0,1,1,1,0,1
0,0,0,0,1,1,0,1
0,1,0,0,0,0,1,1
0,0,0,0,0,1,0,0
1,0,0,0,1,0,0,0
0,1,1,0,1,1,1,1
1,1,1,1,0,1,0,1
0,1,1,1,1,1,1,1
1,0,1,0,0,1,0,0
1,0,0,0,0,0,0,0
0,0,0,1,0,1,0,0
0,0,0,1,0,0,0,1
0,0,0,0,0,0,0,0
1,0,0,0,0,0,0,0
1,1,0,1,0,1,0,1
1,0,0,0,0,0,0,0
0,1,1,0,0,1,1,1
1,0,0,0,0,0,0,0
0,0,0,1,0,1,0,1
1,0,0,0,0,0,1,0
0,0,1,1,1,1,0,1
0,1,0,1,0,0,1,1
0,1,1,0,1,1,0,1
0,1,0,1,1,1,0,1
1,0,0,1,0,0,0,0
0,0,1,1,0,1,1,1
1,0,0,0,0,0,0,0
1,0,0,1,0,1,1,1
1,0,0,0,0,1,0,0
0,1,0,1,1,0,1,1
1,0,0,0,0,0,0,0
1,1,1,1,1,0,0,1
1,0,0,0,0,0,0,0
1,1,0,0,0,0,0,0
1,0,0,0,0,0,0,0
1,0,1,1,0,1,0,1
1,1,1,1,0,1,1,1
1,1,1,0,1,0,1,1
1,0,0,0,0,1,0,0
1,0,0,0,0,0,0,0
1,0,0,1,1,1,1,0
0,0,0,1,0,1,1,1
1,0,0,0,0,0,0,0
1,1,1,1,1,1,0,1
1,0,1,1,0,1,0,1
1,1,1,1,0,1,1,1
1,0,0,0,0,1,0,0
1,0,1,1,0,0,0,0
1,0,0,0,0,0,0,0
1,0,0,0,0,0,0,0
1,0,0,0,1,0,0,0
1,0,0,0,0,0,0,0
1,0,1,0,0,1,0,1
1,1,1,1,0,1,1,1
1,1,0,1,1,1,0,1
1,0,0,0,0,0,0,1
1,0,0,0,1,0,0,0
1,1,0,0,0,0,0,0
1,0,0,0,0,0,0,0
0,1,0,0,1,0,0,1
1,0,0,0,0,0,0,0
0,0,1,1,1,0,1,1
1,0,0,0,0,0,0,0
0,0,0,1,1,1,0,1
0,0,1,0,0,0,1,1
1,0,1,0,0,1,1,1
1,1,0,1,0,0,0,1
0,0,0,1,0,0,1,1
0,1,0,1,1,0,1,1
1,0,0,0,0,0,0,0
0,1,0,0,1,0,1,1
1,0,0,0,0,0,0,0
0,1,1,0,0,0,1,1
1,0,0,0,0,0,0,0
1,1,0,0,1,1,0,0
0,1,1,0,0,1,0,1
1,1,1,0,0,1,1,1
0,1,1,1,1,1,1,1
1,0,1,0,0,1,1,0
1,0,0,0,0,0,0,0
0,1,1,0,0,0,0,1
1,0,0,1,0,0,0,0
1,0,0,0,0,0,0,0
0,0,0,1,1,1,0,1
1,0,0,0,0,0,0,0
1,0,0,0,0,0,0,0
0,0,0,0,0,0,0,0
0,1,1,1,0,1,0,1
1,0,0,0,0,0,0,0
0,1,0,0,1,1,1,1
1,0,0,0,0,0,0,0
0,1,0,1,0,0,1,1
1,1,0,0,1,0,0,1
1,0,0,0,0,0,0,0
1,0,0,0,0,0,0,0
1,0,0,0,0,0,0,0
0,1,1,1,0,1,0,1
1,1,0,0,1,0,1,1
0,1,0,1,0,1,0,1
1,0,0,0,0,0,0,0
0,1,0,0,1,0,0,1
1,0,1,0,0,0,1,1
0,1,1,0,1,1,1,1
1,1,0,0,1,0,0,0
0,0,1,1,0,0,1,1
1,1,1,0,1,0,1,1
1,0,1,1,0,0,0,1
1,0,0,1,0,0,0,0
0,0,0,1,0,1,0,1
1,0,0,0,0,0,0,0
1,0,0,0,1,0,0,0
1,0,0,0,0,0,0,0
1,0,0,0,1,0,0,0
1,0,0,0,0,0,0,0
1,0,0,0,0,0,0,0
0,0,0,0,0,0,0,0
1,1,1,1,1,0,1,1
0,0,0,1,0,0,0,1
0,0,0,0,0,1,1,1
0,1,0,0,1,0,0,1
1,1,0,1,0,1,1,1
1,1,1,1,0,0,0,0
0,1,1,0,1,1,1,1
1,0,0,0,0,0,0,0
1,0,1,0,0,0,0,0
1,1,1,1,1,1,0,1
1,0,0,0,0,0,0,0
1,0,0,0,0,0,0,0
1,0,0,0,0,0,1,0
1,0,0,0,0,0,0,0
1,0,0,0,0,0,0,0
1,0,0,0,0,0,1,0
1,0,0,0,0,0,0,0
1,1,1,1,1,1,1,1
1,0,0,0,0,0,0,0
1,0,0,1,0,0,0,0
1,0,0,0,1,0,0,0
1,0,1,0,0,0,0,0
1,0,0,0,0,1,0,0
1,0,0,0,0,0,0,0
1,0,0,0,0,0,0,0
0,1,0,0,0,0,1,1
1,0,0,1,1,0,0,0
1,0,0,0,0,0,0,0
1,0,0,0,0,0,0,0
0,0,1,1,0,1,1,1
1,0,1,1,1,0,1,1
1,0,0,0,0,0,0,0
1,0,0,0,0,1,0,0
1,0,0,0,0,1,0,0
1,0,0,0,0,0,0,0
0,0,0,0,0,0,0,0
1,0,0,0,0,0,0,0
1,0,0,0,1,1,1,0
1,1,1,1,1,1,0,1
0,0,1,0,1,0,1,1
0,1,1,1,0,1,0,1
1,0,0,0,0,0,0,0
0,1,0,1,1,1,0,1
1,0,0,0,0,0,0,0
1,0,1,1,0,0,1,1
0,1,1,1,1,1,1,1
0,1,0,1,1,1,0,1
1,0,0,0,1,0,0,0
0,1,0,1,0,1,0,1
1,0,0,0,0,0,0,0
1,1,0,0,1,1,1,1
0,1,0,0,0,0,1,1
1,0,0,0,0,0,0,0
1,0,0,0,0,1,0,0
1,0,0,0,0,0,0,0
1,0,1,1,1,1,0,1
1,1,1,1,0,1,1,1
0,0,0,0,0,1,1,1
1,0,0,1,0,0,0,0
0,0,0,0,0,1,1,1
0,1,0,1,1,1,1,1
1,1,1,0,1,0,0,1
1,0,1,0,1,0,0,0
0,0,0,0,1,0,1,0
1,0,0,0,1,0,0,0
0,1,0,0,1,1,0,1
1,0,0,0,0,0,0,0
0,1,1,1,1,0,0,1
0,1,1,1,0,0,1,1
1,0,0,0,1,0,0,0
1,0,0,0,0,1,0,0
1,0,0,0,0,0,0,0
1,0,0,0,0,0,0,0
0,1,0,1,1,0,1,1
1,0,0,0,0,0,0,0
1,0,0,1,1,0,1,1
1,0,0,0,0,0,0,0
1,0,0,1,1,0,0,0
0,1,0,1,1,0,1,1
0,0,0,1,0,1,0,1
1,0,1,0,0,0,0,0
0,1,0,1,1,1,1,1
1,0,0,0,1,0,0,0
1,1,1,1,0,1,0,1
1,0,0,0,0,0,0,0
1,0,0,0,0,0,0,0
0,0,0,1,0,1,0,1
1,0,0,0,0,1,0,1
1,0,0,0,0,0,0,0
1,0,0,1,0,1,0,1
1,0,0,0,0,0,0,0
0,1,1,1,1,1,1,1
1,0,0,0,0,0,0,0
0,0,0,0,1,1,0,1
0,0,1,1,1,1,1,1
1,0,0,0,0,0,0,0
0,1,0,0,0,0,0,1
1,1,0,0,1,0,0,1
1,0,0,0,0,0,0,0
1,0,0,0,0,0,0,0
0,0,0,1,0,1,0,1
1,1,0,1,1,1,1,1
1,0,1,0,0,0,0,0
1,0,1,0,0,0,0,0
0,0,1,1,0,0,1,1
1,0,1,1,1,1,1,1
0,1,0,1,1,0,0,1
1,0,0,0,1,0,0,0
1,1,0,1,1,0,1,1
1,1,0,1,0,1,1,1
1,1,0,1,0,1,1,1
1,0,0,0,0,0,0,0
1,0,0,0,0,0,0,0
1,0,0,0,0,0,0,0
1,0,0,0,0,0,0,0
1,0,0,1,1,0,1,1
0,0,1,0,1,1,1,1
1,0,0,0,0,0,0,0
1,0,0,0,1,0,0,0
0,1,0,0,1,1,0,1
1,0,0,0,0,0,0,0
0,0,1,1,1,0,0,1
1,0,0,0,0,0,0,0
0,1,0,0,1,0,1,1
1,0,0,1,0,0,0,0
0,0,0,1,0,0,0,1
1,0,0,0,0,0,0,0
1,0,0,0,0,1,0,0
1,0,0,0,0,0,0,0
1,0,1,0,0,0,0,0
1,1,0,1,0,0,1,1
1,0,0,0,0,1,0,0
0,1,0,1,1,1,0,1
1,0,0,0,0,1,0,0
1,0,0,0,0,0,0,0
1,0,0,0,0,0,0,0
1,0,0,0,0,0,0,0
1,0,0,0,0,0,0,0
1,0,0,0,0,1,0,0
1,0,0,0,0,0,0,0
0,0,0,0,0,1,1,1
0,0,0,0,0,0,0,0
1,1,0,0,0,0,0,0
1,0,0,0,0,0,0,0
1,0,0,1,1,0,0,1
0,0,1,0,0,0,0,1
1,1,0,0,1,1,1,1
0,1,0,1,1,0,1,1
1,0,1,0,0,0,0,0
1,0,1,1,0,0,1,1
0,1,0,0,1,0,1,1
0,1,0,0,1,0,0,1
1,0,0,0,0,0,0,0
1,0,0,1,0,1,1,1
1,1,1,1,1,0,1,1
0,1,1,1,1,0,1,1
0,0,0,1,0,0,0,1
1,1,0,1,1,0,0,1
1,0,0,0,1,0,0,0
1,0,0,0,0,1,0,0
0,0,0,1,1,0,0,1
1,0,0,0,0,1,0,0
1,1,0,1,0,1,1,1
0,1,1,1,1,1,1,1
1,0,0,0,0,0,0,0
1,0,0,0,0,0,0,0
1,0,0,0,0,0,0,0
1,0,0,0,0,0,0,0
1,0,0,1,0,0,0,0
1,1,1,1,0,1,0,1
0,1,0,1,1,1,0,1
1,0,0,0,0,0,1,1
1,0,0,0,0,0,0,0
1,0,1,1,1,0,1,1
0,0,0,1,1,1,0,1
0,0,1,0,1,0,0,1
0,1,1,1,1,0,0,1
0,1,0,1,0,1,0,1
1,0,0,0,0,0,0,0
0,1,0,1,0,0,1,1
1,0,0,0,1,0,0,0
1,1,0,1,0,0,1,1
1,1,1,1,1,0,0,1
1,0,0,0,0,0,0,0
0,1,0,0,1,0,0,1
1,0,0,0,1,0,0,0
1,0,0,0,0,0,0,0
0,1,1,1,0,0,0,1
0,1,0,1,1,1,0,1
1,1,1,1,1,1,0,1
0,1,0,0,0,0,0,1
1,0,0,0,1,0,0,0
1,0,0,0,0,0,0,0
0,0,1,1,0,1,1,1
1,0,0,1,0,1,1,1
0,0,0,0,0,0,0,0
0,0,0,1,0,0,1,1
1,0,0,0,0,0,0,0
0,1,0,0,0,1,0,1
0,0,1,1,0,0,1,1
1,0,1,1,1,1,0,1
1,0,1,0,0,1,0,0
1,0,0,1,0,0,0,0
0,0,0,0,1,1,1,1
1,1,0,1,0,0,1,1
0,1,1,0,0,1,0,1
1,0,1,1,0,1,0,1
1,0,0,0,0,0,0,0
1,0,0,0,0,0,0,0
1,0,1,0,0,0,0,0
1,0,1,0,0,0,1,0
0,0,0,0,0,0,1,0
1,0,0,0,0,0,0,0
0,1,1,1,0,1,0,1
1,0,0,0,1,0,1,0
1,0,0,0,0,0,0,0
0,0,0,1,0,1,1,1
1,0,0,0,0,0,0,0
1,0,0,1,1,0,0,0
1,0,1,1,0,0,1,1
0,1,1,0,0,0,0,1
0,1,0,1,0,0,1,1
1,1,1,0,1,0,0,1
1,0,0,0,0,0,0,0
1,0,0,0,0,0,0,0
0,1,1,1,1,1,0,1
0,0,1,1,1,1,0,1
1,0,0,0,0,0,0,0
1,0,0,0,0,1,0,0
1,0,0,0,0,0,0,0
0,1,0,1,0,1,0,1
1,1,1,1,0,1,0,1
1,1,0,0,1,0,0,0
0,0,0,1,0,0,0,1
1,0,0,0,0,0,1,0
1,1,0,0,0,1,0,1
1,0,0,1,0,0,0,0
0,1,0,1,1,0,1,1
1,0,0,0,0,0,0,0
0,1,0,0,0,1,1,1
0,1,1,1,0,0,0,1
0,0,1,1,1,1,1,1
0,1,1,1,0,0,1,1
1,1,1,1,1,0,1,1
0,1,1,1,1,1,1,1
1,0,0,0,0,0,0,0
1,1,0,0,0,0,0,0
1,0,0,0,0,0,0,0
1,0,0,0,0,0,0,0
0,1,0,0,1,1,0,1
1,0,0,1,0,1,0,1
1,0,0,0,0,0,0,0
1,0,0,0,0,0,0,0
1,0,0,0,1,0,0,0
0,1,0,0,1,1,1,1
1,0,0,0,0,0,0,0
0,0,0,1,1,1,0,1
1,0,0,0,0,0,0,0
1,0,0,0,0,1,0,0
1,0,0,0,0,0,0,0
0,0,0,1,0,1,0,1
1,0,1,0,1,1,0,1
0,1,1,1,1,0,1,1
0,1,1,1,0,1,1,1
1,0,0,0,0,0,0,0
1,0,0,0,0,0,0,0
1,0,0,0,0,0,0,0
1,1,0,1,0,1,0,1
1,0,1,1,0,0,0,1
0,1,1,1,0,0,0,1
1,0,0,0,0,0,0,0
0,1,1,1,0,0,1,1
0,1,0,1,1,1,0,1
0,0,1,0,1,0,0,1
1,0,0,0,0,1,0,1
1,0,0,1,1,1,1,1
1,0,0,0,0,0,0,0
1,1,0,0,0,0,0,0
0,0,1,1,1,1,0,1
1,0,0,0,0,0,0,0
1,0,0,0,0,0,0,0
1,0,0,0,1,1,0,1
1,0,1,0,0,0,0,0
1,0,0,1,0,0,0,0
1,0,1,0,0,0,0,0
1,0,0,0,0,0,0,0
1,0,0,0,0,0,0,0
1,0,0,0,0,0,0,0
1,0,0,0,0,0,0,0
0,1,1,1,0,1,0,1
1,0,1,0,0,0,0,0
1,0,1,0,0,0,0,0
0,1,0,1,0,1,1,1
1,0,1,0,0,0,1,0
1,0,0,0,0,0,0,0
1,0,0,0,0,0,0,0
1,0,0,0,0,1,0,0
1,0,0,0,0,0,0,0
1,0,0,1,0,0,1,1
0,0,0,1,0,0,1,1
1,0,1,0,0,0,0,0
1,0,1,0,0,1,1,1
0,0,1,1,1,0,1,1
1,0,0,0,0,0,0,0
1,0,1,0,0,0,0,0
1,0,0,1,0,0,0,1
0,1,0,1,0,0,1,1
1,0,0,0,0,0,0,0
1,0,0,1,1,1,0,1
0,1,1,1,1,1,1,1
1,0,1,1,0,0,0,0
0,1,0,1,1,1,1,1
1,1,1,0,0,1,1,1
0,1,1,1,1,0,0,1
1,0,0,0,0,0,0,0
0,1,1,1,0,1,1,1
1,1,0,1,1,1,1,1
1,1,1,1,1,1,1,1
1,0,1,0,0,0,1,1
0,0,0,1,1,0,0,1
1,0,0,0,0,1,1,1
1,0,0,0,0,0,0,0
1,0,0,0,0,0,0,0
1,1,1,1,1,1,0,1
0,1,1,1,1,0,1,1
0,1,1,1,0,1,0,1
1,0,0,0,0,0,0,0
1,0,0,0,0,0,0,0
1,0,0,0,1,1,0,0
1,0,0,1,0,1,0,1
0,1,0,1,0,1,1,1
0,0,0,1,0,0,0,1
0,0,0,1,0,0,1,1
1,0,0,0,0,0,0,0
1,0,0,0,1,0,0,0
1,0,0,0,0,1,0,0
1,0,0,0,0,0,0,0
1,0,0,0,0,0,0,0
0,0,0,1,1,0,1,1
0,1,1,1,1,0,0,1
0,1,0,0,0,0,1,1
0,1,0,1,0,0,1,1
1,0,1,0,1,0,0,0
1,1,0,0,1,1,0,1
0,0,0,1,1,0,1,1
0,0,1,1,1,1,0,1
1,0,0,0,0,0,0,0
1,0,0,0,0,0,0,0
1,0,0,1,0,0,0,0
1,0,0,0,0,0,0,0
1,0,0,0,0,0,0,0
0,1,0,0,1,0,1,1
1,0,1,0,0,0,0,0
1,0,0,0,0,0,0,0
1,0,0,0,0,0,0,0
1,0,0,0,1,1,0,0
1,0,0,1,0,0,0,0
1,0,0,0,0,0,0,0
1,0,0,0,0,0,0,0
0,1,0,1,1,1,0,1
1,1,1,1,1,0,1,1
1,0,0,0,0,0,0,0
0,1,1,1,1,1,0,1
0,0,1,1,1,0,0,1
0,1,0,1,1,1,0,1
1,0,0,0,0,0,0,0
1,0,0,1,0,0,0,0
1,0,0,0,0,0,1,0
1,0,1,1,0,0,0,0
1,0,0,0,0,0,0,0
1,1,0,1,1,1,0,1
0,1,0,1,1,0,1,1
1,0,0,0,0,0,0,0
1,0,0,0,1,0,0,0
1,0,0,0,0,0,0,0
1,1,1,1,0,0,0,1
1,0,0,0,0,0,0,0
1,0,0,0,0,0,0,0
0,0,1,1,1,1,0,1
0,1,0,1,1,1,1,1
1,0,0,0,0,0,0,0
0,1,0,1,0,0,0,1
1,0,0,0,1,1,0,0
0,0,1,0,1,1,1,1
1,0,0,0,0,0,0,0
1,0,0,0,0,0,0,0
0,0,1,0,1,0,0,1
1,0,0,0,0,0,0,0
1,0,0,0,0,0,0,0
1,0,0,0,0,0,0,0
1,0,1,1,1,0,0,1
1,0,0,0,1,0,0,1
